IMAGE #,SPEAKER 1,SPEAKER 2,SPEAKER 1,SPEAKER 2,SPEAKER 1
4201,Umusungu umwaume ali nakabombelo,Bushe finshi alecita ,Alekabomfya uku lasa amenshi makasa, Nalimo alefwaya ukutoba amenshi makasa ,Cipalile kwati alefwaya ukupanga akalubi aka menshi makasa 
4202,Abantu batatu bali mupepi nefikulwa ifya pusana pusana,Bushe ici icilemoneka ne langi lya Mukola mfula nacho chikulwa,"Ici eco apaleme uyu umukashana uule landa pali lamya, bushe te cikulwa cakuyefyafye icifulo?", umwaume no mwanakashi balemobeka balefuma mu kutamba ici cakuyefya icifulo ,"Efyo camoneka, elo neko Bali kulifye ukwabusaka saana"
4203,Umusungu umwaume ali pali bemba,aleipakisha ukusamba muli bemba ,"iyoo, tale bomfya imbao yaku basa ukwangalilapo pe bemba?",alebomfya icakumwafwilishako pakuti enwina ,"eeya, cacine ico, nafwala nefyaku fwala ifyaku sambila pa menshi"
4204,Ba mwenye babili abakashana nabeminina kwi lungu, baletamba ubusuma bwe lungu umwiswile amenshi ,Umo pali bena nakwata necaku kopelako utukope,balekopa ifikope fyakwibukishako icifulo batandalile ,"elo ukubali ifyani fitali saana, filepalama nobutali bwa kamuti akali pantanshi yabo"
4205,Umukashana uyu alembombela mundeke,alepekanishisha abali pabulendo mu ndeke ifya Kunwa ,"Afwele ifyaku fwala ifyabuta nefya kashika, pamulu pali nakaliluba aka kashika",naposako sana amano kufyo alebomba ,Panuma yakwe pali nabale tamba aka tunshi tunshi ako babika mu ndeke
4206,Icungulo abantu bali mu bwato ubo baleikisha ukubomfya intambo,Bushe balebwikishisha pamumana nelyo pali bemba ?,"iyoo, cilemoneka kwati balebwikisisha pali bemba",cine cine aba bantu balebombela pamo uyu umulimo,"cacine, bale bombela pamo mu bwato ubu ubulemoneka ubwa kashika"
4207,Akabwa akanono katolokela pamenshi, kalemoneka nakatemwa ukwangalila mu menshi,"elo naumona amasako kakwete, yambi yali ayafita elo yambi aya buuta",cacine  kalemoneka akaibelako,"elo pantanshi yakako palemoneka kwati pali eco baposele mu menshi, limbi eco kalefwaya ukumona"
4208,Umusungu umulumendo ale angalila pa menshi,cilemoneka Ali pali chibemba icikalamba sana ,"cine cine cena cikalamba, bushe cinshi ici anyantilepo icilemoneka ica katapa-katapa?",ni cilya  bangalilapo pa menshi icafwilishako Ukuti aleenda pa menshi,"oo, eco nabalya babili abalumendo abali panuma yakwe muli bemba bakwete cila umo nomunankwe"
4209,Umusungu umwana umulumendo naiminina pamulu panse ya ng'anda, bushe kwena finshi alemona palya eminine? ,kwati alelolesha abalemu kopa akakope,nalimo abafyashi bakwe nabamusha Teshibe noko balolele,"efyo cipalile, opo eminine napo napafula amaluba, pali naka jinga akabana"
4210,uyu umwaume alendonsana na kabalwe,Ee Bali muchibansa umo bachifyanisha amangalo yafinama,kuli nabantu abengi abale batamba mu cibansa icicine,fintu aletitana noyu kabalwe nalimo euntu abomba nakwe mumangalo yabo kukucinfyana  na bambi,"nafwala necakufwala ica mutuntula, iyoo kwena alikosa paku tintana na kabalwe"
4211,bashitata babili abafita inkanda nabekala panse pamu pando uwa cishimbi,kuntu baposele amano kuliko ifilechitika ifiba peseshe amano ,"cine, bonse bashitata aba nacibapesha amano, elo cilemoneka kwati bali mukalale",Ee  elo balemoneka nga balya ababulishako fimo mu bumi bwabo,Ee cine balemoneka na limo bali namacushi
4212,Ba shitata abasungu abakalamba baleba sunkilisha pacipuna icama wilo,bali na muchikulwa mulya basungila ifitabo,"elo namufula abantu mu cikulwa cine, bushe bonse beshile muku shitapo ifitabo?",chilemoneka beshile mukubelenga ifitabo balatemwa ukubelenga ,"Ee, cine bonse aba cili kwati beshile mukubelenga"
4213,Umusungu umulumendo naikala panse alesekelela efyo amwene pali lamya yakwe,bushe finshi alemona pali lamya yakwe ifilelenga ena ukumwetula,limbi umutemwikwa namutumina akakope akalesekesha ,nalimo kuliko ifyakuleseshamo icitendwe efyo aletamba ,"Cine, kuti caba ifyofine, kuti aumfwa icitendwe nakasuba ifyo katulile, cawama nakwata lamya iyaku pwisishamo icitendwe"
4214,Umusungu umwaume alemokena alekwela impili,uyu kwena mulimo iwakosa alemoneka aleposapo amaka sana,Naikaka nentambo pakutila epona apo akwelele apalepa,napalepa kwena emulandu wine lecingilila ku busanso bwa kupona,"eco afulilepo necakufwala cakumulu, napiba noku piba, katwishi nakasuba kene nga takalemoca "
4215,"Uyu umusungu uwu fwele ica katapa-katapa kumulu ale panga inyimbo, bushe kanshi aka alebomfya?",alebomfya ipenga lya nyimbo,"oo, elo umu ekele mwamoneka emo bembila inyimbo nangula emo bacitilamo utusela",ee nalimo alepitulukilamo libela pa kuti aipekanye ukwisa imbila abantu abesa mu cikulwa na nyimbo,"ee cine efyo cili nifyofine, alefwaya aipekanye epo tabalaisa abantu"
4216,Umusungu umwaice umukashana alemoneka uwadabwa,napapa sana pafyo alemona ,"cipalile kwati ali kumangalo ayaku cimfyana ukowa insamfi, yalya eyo bamwenako uusamba nangula ukowa bwangu ukucila abanankwe ",cacine elo alemoneka ali mupepi nokutolekela mu menshi ku kutendeka ukucinfyana ,elo uyu umukashana alemoneka fintu atemwa saana uku cimfyana mu mangalo yamu menshi
4217,Imbwa naimya akamuti mukanwa yaiko,kucifulo kuntu ili kulemoneka ukwa yemba nganshi,"icine, kulemoneka nalimo nikulya ku mabala basungila ifinama ifyapusana",kwaliba namabala ya fintu fimbi ,"ee, kuti kwaba, balipopelela utumuti bakakamo nentambo yatushimbi pakuti bacingilile incende uku kwine"
4218,Banamayo batatu abasungu nabeminina ati bakopwe mu ng'anda,balesefya Icaka pantu nabayefya mumuputule kabili muli necimuti cakusefeshako icaka,"cine balesefya, umo alenwinapo notwakunwa",balemoneka aba nsansa nganshi,awe balemoneka balasefya ubushiku bonse
4219,uyu umusungu umukashana nafwala nalimo ni mwana mfumu waku basungu,nakwela pa Cilubi icapalana ne nsofu,elo uku ali nikucibansa ca mangalo ayengi ayapusana pusana,Ee pantu kuli na fimbi ifyakwangasha ifyalekanalekana ,nako uku kulemoneka abantu bonse abaliko baleangala noku sefya
4220,Akamwana akalumendo akamusungu kaleangala,aleangasha  umupila wakwe uwa makumbi makumbi,"nomba alebomfya amaboko, cili kwati alefwaya ukulauposa ukucila ukuwupanta",cine mwasosa aleesha ukuoposa mu mulu ,elo ifingi afwele filemoneka ifya makumbi-makumbi
4221,Umusungu umulumendo nafwala imyemfu shaba kote necakufwala ica kashika,alemoneka uwa nsansa Sana pafyo alecita,cipalile kwati kuli efyo alesefya pantu nakwata ifintu ifingi saana nankwe,cacine chilemoneka euleangalila uku kusefya,"limbi alaya pelako bambi ifi fintu akwete nankwe ififulile umusango uyu, limbi alafoleshapo ulupwa lwakwe"
4222,Umukashana umusungu ali mubwato aleloba isabi,nafwala necha kumulesha ukunwena nga cakuti ubwato bwalibundile,nakwanisha noku lobako akalisabi kamo,natemwa sana ifi akwanishe ukuloba isabi,awe uyu umukashana natwemwa saana akasuba aka alobele isabi
4223,"Abantu bale endela pamo palya baleya kuncito, elo abengi balemoneka nalimo basungu, nshishibe fye nga te bonse ",kucifulo bali nakutalala sana kulemoneka imfula ya menshi makasa nailoka ,eco bafwalile ifyakufwala ifyakui cingilila ku mpepo ifya fita pamulu babikapo notwaku nchito utwa kashikila,cacine cilaanguka ukusanga umunabo nga aluba pantu nabafwala utwakubamwena apatali kukuichingilila ,"ee, utu tulangushako ukumona umunobe epo abelele palya mule bombela pamo"
4224,"Bashitata nabekala nefyo basombwele mubulimi bwabo, cilemoneka balefishitisha",ifyo baleshitisha nafilelema icine cine ,awe cine umulimo wali bendela bwino ku mabala uyu mwaka bashitata aba,balasango indalama ngabashitisha ifilimwa fyabo,"elo nefyo filemoneka ifyalelema bwino ngefi, nde cetekela fyonse fyalapwa mukushitishwa"
4225,Umukashana umusungu naikala alelolesha,alebebeta insalu ya calo cakwe,"elo akwete insalu shaku calo cakwe shibili, bushe taleshitishafye?",nalimo baleshitisha nangula alikumutebeto,nangula balesefya ubutungulushi mu calo ekala
4226,umulumendo umusungu aleangala nembwa shakwe shibili,baleangalila mu mfula ya menshi makasa kucifulo bekalila,"elo shonse imbwa shintu shakwata amasako ya fita, imo iletolokela neco ekete mukuboko umulumendo*",balofwana Sana ne mbwa shakwe shalimutemwa ,"icine cine balomfwana, kumonafye efyo bonse Bali nensansa pamo nembwa shakwe"
4227,Umwaice umukashana umusungu naimya icola ica kashika,chilemoneka aleishibisha abakalamba pali ici chola,elo alelolesha icintu balesonta ba namayo abali pantanshi ya ng'anda,alebeshibisha Ukuti nasanga fimo pa fintu balufishe ,"elo uku ku ng'anda bali, cilemoneka kwati nabakumana nga ulupwa"
4228,Abana abaume babili abafita inkanda nabekala panshi ,pantu bekele balemoneka balesambilila ,ee ubwafya nabalamba pantu tabakwete imipando shakwikalapo paku sambilila,balemoneka natemwa ukusambilila nangu line imikalile taili bwino,insansa shena nabakwata paku sambilila bale sambilila
4229,umwaice umulumendo umusungu aleangala alebutuka apo amenshi yale sansa,no mukashana ali nakwe balebutaika pali ici cifulo,bushe teba nyina balya? pantu bamonekapo abakalamba pali ena,nalimo limbi balemulesha ukwangalila mu menshi elo ena alebabutuka,"efyo capala kwena, alefwaya angalile epo amenshi yalesansa"
4230,bashitata abali cine konse konse nabekala pamo baleshimika,baleangala icangalo ca cela mushuke ,balemoneka baleumfwa bwino umu mumuputule bale angalila,nangu line balemoneka icangalo nachikosa ,elo kunuma yabo kulemoneka umo babikile ifyakulya
4231,Banamayo abasungu abali mutanda baleyolola mucikulwa cakuyolwelamo,ifyo balecita fyakutukusha umubili ,elo cila umo na umo bali notu mpasa opo baleyolwela,bali abaipekanya nababikako amano kufyo balecita,"iyo kwena, nepo balafuminamo mucikulwa ici ninshi nabakwanisha ukololoka"
4232,umulumendo nomukashana bale endela pamo mu kalale,elyo aba bambi umulumendo no mukashana balelashanya,bushe balya abale enda finshi filya bakwete muminwe?,bakwete ba balloni,elo bonse babili nabafwala ifyakufwala ifyabuta kumulu
4233,umusungu umulumendo alimu mwela natoloka ,aleangala icangalo cakwangalila mu mfula ya menshi makasa,"oho, eico afwele ifyakufwala fya mangalo yene aini?",eee pantu naficingila umubili wakwe ,"naikata noshimbi utwakumwafwako mumangalo aya, futi nafwala nafimbi kumolu ifya mangalo aya mu mfula ya menshi makasa"
4234,"abalumendo balecimfyana mu mangalo aya mupila wakuminwe, aya mangalo yeseeka ku basungu",icangalo Cabo  nacikosa abaleteya bambi baponene na panshi kukulwishanya,"ubu ubwangalo mwaba ukuiponya noku punkana, kwesha ukulesha ebo mulecimfyana nabo beingisha kumwenu",abantu nabesula mu muchibansa ku kutamba uku kuchifyanya ,kuli abale lumba abafwele ifya katapa-katapa nabale lumba abafwele ifya makumbi-makumbi
4235,Umukashana umusungu uwufwele ifya makumbi-makumbi alemoneka uwatulumuka,nalimo kuliko ifyo amwene ifimutulumwine ,alemoneka alefwaya ukupilibuka abwelele kulya afumine ukulemoneka abantu abaleishila uko ali,namona kwena limbi kuntu afunime takuli busanso ,elo uku ali nakufula ifimuti
4236,Banamayo babili abasungu abafwele ifyakuncito nabekala panshi panse mukasuba,kuliko ilyanshi balelashanya ilikumine imibombele yabo,"efyo cipalile, bonse babili balemoneka abasakamana pamenso",ne icifulo cintu baliko cili icha mutende ukwabula nefya kubapufyanya,cine balasangamo ubuyantanshi nga bapwisha ukulanshanya apo bekele
4237,namayo umusungu naikala alebomba umulemoneka kwati nimucipatala,alemoneka alebebeta ukubomfya fimashini pantu ifyo alebebeta tafimoneka  na menso yensu fye ,"eicho alebomfesha icamumwafwa ukufimona, nakwata necitunshi tunshi palya alebombela",nabikako sana amano kuli iyi ncinto alebomba pakuti amone ifyachishinka,limbi alefwaya ukupangilapo umuti uwaku cimfya ama lwele yambi eyo amona
4238,abalumendo batatu abasungu bali pamo balelolekesha pali fimo,balesambilila ifyakubomfya fimashini fyakubebetalako ifishimoneka na menso yensu fye,elo balemoneka nensansa saana pakusambilila efyo cibomba ci mashini,baleipakisha uku kusambilila,"cili kwati bana bama skulu aba, balesambilila umwaku bombela amacito, kaili nabamoneka ati bakalambako"
4239,mucikulwa umwikala abantu bamo bashitata abekala pamulu nabapusha umutwe panse ya ng'anda yabo balelolesha bashitata abekala panshi nabo aba pusishe umutwe panse,balya bali pa mulu balelosha abali panshi elyo abali panshi balelolesha ku tanshi yabo,abali panshi bali kobeka necisalu caku calo cabo kunse ya ng'anda yabo,balemoneka bekala calo abatemwa icalo cabo,"cine nifyo fine, nabanabo pamulu abalebalolesha balimona bantu natwemwa icalo cabo"
4240,abasungu batatu balepekanya ifyakulya mumuputule uwakwipikilamo,fintu balepekanya fili ifyalekanalekana,elo naciwama ati babili abaume baleafwana nomukashana umo,efyo chifwile ukuba ukubombela pamo imilimo shalekanalekana,"ee, elo ukubombela pamo kulangufyanyako incito, eicho nefyo baleipika fyalapya bwangu"
4241,Umusungu umwaume alemoneka alebombela pacililata icikalamba,alemoneka nika fula wa fyela ,"cine cine efyo alemoneka, elo ici icela alebombelapo cilemoneka kwati cafumine mubwato ubukalamba saana ",fintu chilemoneka cintu cafina sana ,cine cine cilemoneka ica fina nganshi
4242,"Imbwa shibili shileangala, imo naitolokela mumwela pamulu yainakwe",shileipakisha ukwangala capamo ,iyili panshi naikwata akamupila aka katapa-katapa,eko balepepekelanapo nangula eko baleangasha,"fyonse fibili, balepepekana pakamupila kene elo futi ekantu baleangasha"
4243,Umulumendo nomukashana baleitomona ninshi umukashana nabika umutwe pamolu yamulumendo,icende baliko nabashungulukwa na bantu abashisakamene ifyo balecita ,"elo bonse pancende balemonekafye basungu, tapali uwulemonekako uwafita inkanda",cacine bonsebalemoneka fye abapafiwa No bumi bwabo,tabakwete nenshita yakusakamana ifibashingulwike
4244,abana babili bamwenye umulumendo nomukashana balelolekesha ifili kuntanshi,umwana umukashana nakumbatila no mwana umulumendo ninshi bonse balemwetula,balemoneka nindume nenkashi aba balili abana,cacine umukashana alemoneka umukalamba pa mulumendo,"ee, umukashana mukalambapo nangula bonse babili bacili bana"
4245,umwaume umusungu aleoca inama panse ubushiku,alemoneka ne sansa pakubomba uyu mulimo,aliyiteyanya nokuiteyanya ati bamukope akakope palya aleoca inama,cacine kwena elo ninshi bushiku,icikankala alemoneka ali pa ng'anda pamyakwe
4246,umulumendo umusungu aleangala nakantu kakwe akakwata utuma wilo munshi,mukwangala kwakwe aleninika na mambwe,"elo uku ukwangala kuntu ukwashupa, pantu nga lufyanya muminyantile pakantu kakwe akama wilo, kuti aicena ububi saana",cacine elyo alemoneka tafwele ifyakubacingilila bwino bwino,eico afwile alolekeshe pamyangalile shakwe pakuti aicingilile kubusanso
4247,shitata nafukama mucikulwa eco bapepelamo utulubi ku calo cakwe,chilemoneka ali mukutendeka ukupepa ,abantu bambi abali muncende balemoneka abaleshimika ilyashi palya shitata alepepa,balemoneka elyo beshile tabalati batendeke ukupepa,"cacine, uyu shitata ena natangila mukwamba amapepo"
4248,bashitata abasungu babili nabeminina kunuma ya motoka,insapato shintu bafwele nashikwata utumawilo ku numa,"nabafwala notusote utwapalana, katwishi nga finshi balefumya muli motoka",nalimo balefwaya ukulya fimo lintu balepanga ukutwalilila,elo nefintu bafwele filemoneka ifyaku bacingilila kumpepo
4249,shikulu naikala panshi na banjo yakwe alelisha ,epo bekele nipalya apapita abantu,limbi balefwaya abantu balebashilako indalama pakwimba baleimba,efyo bwene pantu nabanshika akasalu panshi pa kuti abalepita balebapela indalama,cipalile nalimo emo baliila bashikulu aba
4250,"umulumendo naikala pa njinga, nafwala notwamukati utwaba nabamayo..na pamenso naipanga kwati ni namayo",Apo eminine nipa nshila ,umu ali mulemoneka nimu kalale,alefwaya abapita nshila bamone ifyo alemoneka,iyoo kwena nailembaula pa menso
4251,"abasungu abakashana babili bali panse yachikulwa, umo naiminina umbi naikala",uwiminine alepeepa  na fwaka ,uwikele alimoneka nakwata ico alelolesha muminwe yakwe,nangula aleeba umunankwe ifilemuchusha alemoneka uwabulanda ,cine alemoneka ali uwabulanda uyu umukashana uwikele
4252,shitata umo uwakufyalo fya ku kapinda ka ku kulyo nafwala umukanjo uwakashika nakwata nolupala,afwele ifyalingana ne ntambi Shaku mwabo,bushe cinshi ico ekete mukuboko pamo nefyo afwele pamenso?,ekete ichakuingilila ku kasuba ne mfula elyo nafwala na magalasi ,shitata uyu ku calo ekala alemoneka ni ulya uufunda muma tempele
4253,bawishi nomwana umukashana abasungu bali panse palubansa,chilemoneka elyo bapwisha ukuwamya ulubansa,umwana nakwela namuli cilya baposelamo ifisoso kufyalo fyaba sungu,natemwa sana ukubomba nabawishi ,elo bonse babili nabafwala ifyakuicingilila ku mpepo
4254,abantu nabateyanya ukushitisha efyo balimine noku sombola ifingi ku maliketi, ifyo baleshitisha fintu fyalekanalekana ,"palemoneka ifibimbi, impilipili nafimbi nafimbi ifilemoneka ifya lelema nganshi",balya banamayo bambi nabo balemoneka balepekenya ifyakulunda pali filya batatike,elo aba bambi abafwele ica makumbi-makumbi naba fwala necisote icikalamba nganshi
4255,ba shikulu abasungu bali kumbali ya mumana nabakontama,nabakwata akacela balefwaya ukuposa mu menshi ,bushe tekalya baposha abantu palya balesefya ako balefwaya ukwasha?,cacine nalimo balefwaya kalille mu menshi,kalapokela mumulu katampe noku bengeshima muma langi aya pusana pusana
4256,"akabungwe ka bantu kale butukila capamo, pafulile ba namayo",balebutuka pakuti batukushe umubili,"ee, cine balefwaya ukutukusha imibili, nefintu bafwele nafilanga",mukubutuka kwabo baleshimika ne lyashi,cine tabale butuka nalimo lubilo lwaku cimfyana
4257,umwaice umulumendo umusungu aleangala apo amenshi yale sansa,bushe kwena te  mu mfula aleangalila ?,"nga kulya ateyele inuma, tekuti kulemoneka ukwauma nakasuba?","namona kuli ukwauma, aleipakisha nganshi ukwangala na menshi",elo ali nensansa nganshi pakwangala namenshi aya
4258,abasungu shitata na namayo nabeminina ukuli ifyaku fwala ifingi,bali ku maliketi yafyakufwala fyalekanalekana,elo namayo alemoneka uwasekelela saana pakuba uku ali,alemoneka alekopwa pa kuti asabakanye ama kwebo yakwe ,cine alemoneka uwansansa pamakwebo aya
4259,umusungu umwaume uufwele ifyafita kuminwe na pamubili alepanga ifyakunwa,alepanga ifyakunwa ifikola elyo Ali mucikulwa ca bwalwa,cine ewuyu wine uushitisha ubwalwa kubantu nga baisa mukunwa,mucikulwa mulemoneka umwakashikilila ,"cacine, elo uyu umwaume alemoneka alomfwa bwino ukubomba incito yakwe"
4260,umusungu umulumendo umwaice nakontama palya aposa aka mupila,icangalo aleteya nachipalana no bwangalo bwamupila ,nomba ubupusano ubulipo bwakutila ati aka ka mupila aposele natonta utuntu alefwaya ukuwisha nako,cacine namumuputule ali namupusana na mulya bateyela umupila,balilengapo nakadoli aka katapa-katapa pacibumba ca muputule
4261,shitata umusungu naikala pakanama ako bakakile nentambo iya buuta iyo bakakile kuli kabalwe ,bashitata bambi balelolesha ifilechitika,kuli nabantu abengi abale batamba mumbali ya cibansa icicine,icangalo cafinama  chilemoneka ica bukalwe,"cilemoneka ica bantu abakosa, abenga cimfyana nefinama"
4262,Akamwana akamukashana akamusungu nakwata iluba Ilya kashika muminwe,nafwala ifyakufwala fya mututula ninshi kukuboko kumbi naikatilila na fimo ku minwe,"elo naposa amano kumbi, katwishi nga finshi alelolesha",kulemoneka alelolesha abalepanga ificope,"cacine, pamenso talemoneka uwasekelela noku sekelela"
4263,utubana utukashana tubili utubasungu tuli na shitata nao umusungu,umukashana umo alelya na mukaka wa menshi makasa,elo shitata alemoneka ati alemusosha uyu umukashana uulelya,umukashana uulelya abikile amano kumunakwe ,nao umunankwe umukashana alemoneka uulemusosha
4264,Kemba umusungu umwaume aleimba mu cikulwa nafwala nefyafita,ali pamo ne bumba lyakwe abalisha ifilimba,uuli kunuma yakwe uule lisha banco nafwala nechakumu cingilila icinso cakwe,uliko pa ntashi yakwe alekopa ifikope ,kwena kulemoneka balifilisha ifilimba ukubali ku cikulwa
4265,shitata na namayo abasungu nabafwala ifyakufwala ifyama langi aya pusana pusana,umbi uuli ku kulyo nafwala ifilemoka nge chinama ichikalamba,panuma yakwe uuli kukulyo nakwikala umusungu umukalamba namaayo,kulemoneka alelesha icitendwe lintu aletamba abafwele ifyamalangi elyo nabafwele nge chinama,elo balemoneka bali panse yacikulwa mukalale
4266,umusungu aletoloka pakati yampili,nafwala ifyakuicingilila pakutoloka,nefyakufwala afwele fili ifya fita ukufuma kumulu nokufika kumakasa,mukutoloka kwakwe nashinikisha ukuti nachingililwa ,nafwala necisote icakosa icakashika
4267,shitata umusungu ale lenga pacibumba ica buta,fintu alelenga alebomfya amalangi yalekanalekana,nalenga necinso camu kashana umusungu pa cibumba,alishibisha umulimo wakwe ,"mukumona efyo alengele, cine alishibisha umulimo wakwe "
4268,umusungu shitata naiminina munshi yacintu icileimya utushimbi,alececeta ukuti amone ifyo mashini  ilebomba,nafwala nefyaku cingilisha iminwe yakwe kumasanso ayacitikila ku ncito,cacine ali uwaipangasha ukubomba bwino,alishiba bwino umwakubombela umulimo wakwe
4269,umwaume nomwanakashi abasungu bale endela pamo nabekatana amaboko,aba. babili Bali muchitemwiko ,"cine, kumwena fye na kunuma yabo ati balesekelela napo bale endela capamo",icifulo baliko cintu cayemba nganshi kabili ica mutende ,cilemoneka niku ncende ukwa busaka saana
4270,namayo umusungu tafwele isapato alefwaya ukubulapo cimo pafyo bangasha abana mwi tuuka ali,pamubili wakwe alilengapo na fimo mupepi namaboko yakwe,nemishishi shakwe shilemoneka nelangi Ilya pusanako,alitemwa amalangi yalekanalekana pa mubili,"cine neco afwele kumulu ca makumbi-makumbi, ico afwele munshi cikwete ilangi lye loba"
4271,umulumendo nomukashana abasungu nabeminina pamo,umulumendo ali  napali lamya ,umu bali mulemoneka nimukalale,uko bali nakufula abantu ,elo futi umukashana alemoneka nalimo alelanda fimo
4272,ibumba lyabasungu naliminina pa nyanji,balelola ukuti ishitima lingapita pakuti batolokele ku lubali lumbi ,"bushe tabeshilefye mukutamba ishitima, pantu nabacingililwa ku kutolokela uko libelele ishitima lya kaena", nalimo uko bafumine takupita ishitima lwamupepi ,"cine, nangula ishitima pa nyanji beminine nalipita"
4273,umusungu umulumendo alemoneka nensansa paku cinda,ukuchinda kwakwe alemoneka alesefyapo fimo,cine naishila naka mwefu aka shingulwike akanwa kakwe,ku icifulo ali kulemoneka nimuchibansa  nangula mulya mulima Inama,"cine mulemoneka nalimo nimucibansa icaibelako, icapusana nefyamupila"
4274,umusungu shitata ali pacibansa pamo nabambi,alelangililapo fimo lubali alelolesha ,elo alemoneka uwakalipa palya alelangilila abantu efyo amwene,alemoneka kuli ifyo amwene ifyo tatememwe ,elo bonse abali pacibansa nabafwala ifya makumbi-makumbi pamo na shitata uyu
4275,umusungu uulemoneka nalimo ni namaayo uufwele kwati ni shitata naiminina,alepeepa na fwaka  ninshi nalolekesha pachibi chili patanshi,"pantanshi ya cibumba cintu emininepo, pamulu palemoneka amalembo ayamu Cebo",malembo yamu baibo wa mushilo ,mashiwi Asosele Yesu Kristu lintu Ali pa calo
4276,Umukashana umunono umusungu ale angala palubansa,lwamupepi noko aleangalila kuli ingolofwana,nafwala nefyaku icingilila ku mpepo nakasote pamutwe,kunuma kuntu alefuma kuli  ne mbao ishaputaulwa ,alemoneka nensansa saana umukashana uyu
4277,Imbwa shibili shilecena panse pamulu ya menshi makasa,bushe ni mbwa ishi tuteka nangula mimbulu sha mu mpanga?,"nimbwa shine tuteka, kaili shonse shibili nashikwata utumishipi kumikoshi utwaku langilila ati shaba nabene",namona ukucena kwakaena kulemoneka ukwakakata ,limbi nashikalipa saana panuma yakuitendeka ishine sheka
4278,shitata umusungu alecofa incinga pantanshi yafikulwa,napapa ne chola munuma yakwe ,elo ifikulwa fyonse ifi filifye ifya mutuntula,pantu  alepita tapali  na bantu ,"cine cine, palemoneka nalimo bonse balifumako nefikulwa filifye ifyaisalwa"
4279,umusungu shitata nakwela pali kabalwe uo aletolosha pamo,pantu baletoloka napalepako kulemoneka balechimfyana,"Eya mukwai, aya amangalo yalemoneka yakucimfyanisha palya ukwelele kabalwe",icifulo baliko chilemoneka ichalelema nganshi ,na kabalwe wine akwelele aba uwabuta inkanda
4280,umusungu shitata naiminina noku shintilisha ukuntu kumo,nalimo kuli fimo aletotonkanyapo mu bumi bwakwe,"cine alemoneka uwasakamana, elo futi umu ali mulemoneka nimwi tuuka",eee nangula mulya bapekanya nokushitisha ifya kulya ,"ee cacine ico, elo pamulu ya fyakufwala fyakwe nafwala cilya icakufwala icicingilila efyo umuntu afwele kukulamba"
4281,Imbwa iyi kwete amasako aya buta pamo naya fita naitoloka mumwela,ili nafimo ku kanwa fintu ileangasha,nicilya baposa mumwela icakwangasha icimoneka nalimo ni mbale,aleipakisha akashita ikwete ukwangala ne mbale yakwe ,nayumfwa bwino ukwangala nembale ine iyi
4282,umukashana waku fyalo fya kapinda ka ku kulyo naololwela ukulu kumo mumwela elo kumbi kuli panshi palya apandwile amolu,nafwala ifyakashikila mumangalo yakwe ,nashintilisha nakantu aka makumbi-makumbi,alemoneka uwabelesha sana ici icangalo ,"cine alemoneka alishibisha amangalo aya, napa cinso cakwe alemoneka nabikako saana amano"
4283,abasungu abaice abakashana babili bale angala,nabalala apakushelemukila elo balashelemuka,baleshelemukila pamo nabekatana namaboko paku shelemuka,ico baleshemukapo cili ne langi lya makumbi mkumbi ku konse elo nachibuta mu kati,nimbonamo nama langi yambi yabili mumbali - iya kashika pamo na iya mutuntula
4284,Abasungu babili umulumendo nomukashana nabeminina,balechinjanya ifyakwendelapo ,umukashana naikata nencinga iyi kwete ama langi aya fita na makumbi-makumbi,umulumendo napapa ne chola chakashika munuma,naikata nakalya banyantapo akaba nalimo kali planga nama wilo munshi umulumendo wine
4285,ibumba lyabantu abakalamba nabeminina mucikulwa icikwete ifitabo,bonse balemoneka baleteyanya ifitabo ukufibika mumuyano,"elo bonse balemoneka basungu, elo abengi bali nemfwi kumutwe", bonse   bali ababilingana nefyo balecita,cilemoneka nalimo bambi abafwele utusalu utwakashika pamulu ya fyakufwala babombela muncende iyi ine
4286,kulemoneka amolu yabantu babili abale enda, chilemoneka molu yabamayo ,"cine molu yaba namayo aya, balemoneka bale endela pamo mu kalale",nababilingana mumyendele yabo,mumitampwile shabo balemoneka bale endesha
4287,"umulumendo umusungu ali panse akasuba naikala panshi, nafwala nefyafita",alemoneka uwa bulanda ukulingana na fintu ekele,"cine pamenso alemoneka nobulanda, napapa necola ica kashikilako mumo noku fita mumbi",bushe finshi filemulangulusha ,"kwena nshishibe, limbi masambililo, pantu alemoneka alyamba amasambililo ayakubukulu"
4288,"umusungu aleputaula ifintu alepekanya ukwipika, filemoneka nalimo musalu",alemoneka alishiba ukwipika sana,elo nokuboko kwakwe kulelanga ati muntu waupwa nangula uwaupa,balemoneka balume nabakanshi balekwata akashita kasuma,"cine amaboko yalemoneka aya caume aya, nici umutwe wabo taule moneka"
4289,pe bumba lya bantu abali panse palemoneka umulumendo umusungu nasekelela,bushe finshi filemusekesha pe bumba lya bantu ? ,kuli efyo alelolesha efyo tatwingamona ifwe,cacine tafilemoneka ifilemusekesha,elo nebumba lya bantu ili alimo lilemoneka nalikumanina fimo
4290,abasungu namayo na shitata bali muncende imo umufulile abantu,balelashanya fimo ifilelenga   beposa amano kubali muli ulya muputule ,"namayo nasekelela, elo naikata na foloko muminwe eyo asontele shitata",naliwama nganshi ilyanshi balelashanya ,kulemoneka nalimo kuli efyo balesefya nangula efyo bakumanine muncende ine iyi
4291,Imbwa ilebutuka kuncende ukufulile amaluba,lilemoneka libala lyamaluba yeka yeka,cine ibala ili lintu lya lelema nganshi,imbwa naikwata akashita kasama ukwangalila mwibala lyamaluba,ilemoneka nensansa pakwangala mwibala ili
4292,Imbwa ilebutuka mukashila mumpanga,mukubutuka kwaiko nailekelesha ku kanwa,elo kumbali yaiko kuli namaluba aya buta,cine cine ili kucifulo cisuma,"cine kuntu ukwa wama nganshi, nefimuti filemoneka ifisuma"
4293,umusungu umulumendo nakwela paka palana nencinga,nomba alemoneka ali mukupona ,"emangalo yene aya, ukupilibula akantu akwelelepo nalimo ala pona nelyo tapone",fintu alemoneka ali no mwenso ukuti alapona ,ici kankala nafwala akasote akakumucingilila kubusanso nga apona
4294,umulumendo uwafita inkanda natoloka palya alebutuka,Tafwele ifyakufwala ku mulu lintu aletoloka ,cilemoneka aleipekanya uku cimfyana mumangalo yalubilo,nalimo aleteyanya ifyo akalatoloka pali bulya bushiku bwakuchifyanya,"cine efili ilyashi, aleipekanisha calimo pakutila umubili ubelele umwaku tolokela epo tabulafika ubushiku ubwaku cimfyana"
4295,ibwa shibili ishinono shile angala nomupila,kuntu shili nashichingililwa ne linga lya mbao,shilemoneka shili palubansa lwa ng'anda shikala,shili kulubali lya nganda ukwaba ifyani fyalukoto,"ee, elo futi shilemoneka isha sungwa bwino Imbwa ishi"
4296,umusungu umulumendo ale angala nakalya akali planga kama wilo munshi,elyo naya mukukwela apa sasuka  nakakwendelapo kakwe,nafwala neca katapa-katapa kumulu netoloshi ilya fita kunshi,mukumoneka kwakwe kwati ali mukupona ,"alemoneka alishiba umwakwendela nako, ndecetekela tapone"
4297,umuntu ale enda mumpanga nembwa yakwe icungulo,ele kukwenda pakuti batandaleko cilya akasuba kalewa ,takuli nefyani uku kuntu bale endela,kulifye ifimuti ifilelenga akasuba ukumoneka  bwino lilya kalewa,nafyo ifimuti tafikwete namabula ayengi uku kuntu balepita
4298,umukashana uwakufyalo ifya ku kapinda ka ku kulyo naikala mwishitima ,nafwala akakuicingilila pakanwa elyo nefya Kubika ku matwi fili mumukoshi wakwe ,abantu abali nankwe nabo nabafwala ifyakuicingilila pa kanwa ifya makumbi-makumbi,ishitima nalisula bambi tabakwete ukwakwikala,"cine nalisula, bemininefye abengi abalumendo naba shitata"
4299,mwenye umulumendo alelisha banjo aleimba nokwimba,nasendwa sana mukwimba kwakwe,cilemoneka apa afikile pa lwimbo epaku punda,muntu ali namufita ena eulemonekamofye ,"cine namufita umu mucikulwa ali, mupalile mulya banwina ubwalwa"
4300,abantu bali mumbali yacibansa baletamba bashitata batatu abalesola ing'ombe iyi kalipe,bali my muchibansa mulya umo ifinama  na bantu bacifyana,balemoneka bale lumba ifilecitika mucibansa cine,chilemoneka Inama naikalipa elyo abali muchibansa baleileshelela ukuti ifuma muchibansa ,"cine naikalipa, nga yakumana nabo kuti yabacena ububi nga nshi"
4301,abantu abali cisano bali pantanshi yacikulwa cimo icilemoneka ico bakulile akale,pali nanamayo uufwele ifyafita ififimbile umubili wakwe onse ,"elo batatu pali bonse aba balelolesha ku cikulwa ici cine, balepita pakwendela uko baleya",nangu line bonse bali abapafiwa ne milimo nabo noko baleya,"elo futi pali bonse aba tapalemoneka uwafita inkanda, cimo na bantu abalemonekela mucikulwa mukati, nabo balemoneka basungu bonse"
4302,umulumendo uwaku fyalo fyaku kapinda ka ku kulyo naikala pe libwe kumbali yebemba,alemoneka pali fimo aletotonkanya ifikumine ubumi ,alepepa na fwaka ilya babika mukamu paipi paku pepa,ku icifulo kuntu ali kwamutende nganshi ,"cine kwamutende, limbi eco aasalile ukuyako pakutila ekale atontonkanye bwino pafintu ifilemoneka ukumu pakasa"
4303,abana nabekala balelya pe tebulo palya bawishi baleputwilapo nafimbi ifyakulya pakutila babapele,kulemoneka bali  kusukulu balesefyako fimo kabili  balelya imbukunya matobo ,elo pali bonse abana akamukashana akamusungu kalemoneka pali efyo kale landa palya kalelolesha ba shitata abale putula imbukunya matobo, alelinganya imbukunya matobo  bamupele nga efyo balaputwila nabanankwe ,akalumendo akamusungu kena kaposele amano ku kulya imbukunya matobo bakapele ba shitata
4304,"ibumba lya baume ba mwenye nali kumana muncende imo, elo bonse balemoneka kuli efyo baposeleko amano ukulolesha nokumfwa muncende ine",baletamba nangula ukukutika kuli fimo pa mulabasa nangu pa chitushi tushi ,"elo bonse balemoneka abakaka inkanshi muncende babelele, nalimo kuli ifiba kalifye pafyo bale tamba",bonse  nabasendwa sana nefyo baletamba nalimo fintu fya bulanda nangu naficindama sana ,"elo umu babelele bonse, tapali uu lemoneka umwaice nangula umulumendo, uku kuncende bali cili nalimo kwaku kumanafye abakalamba"
4305,umusungu umulumendo ale angalila pa menshi muli bemba akasuba,aleipakisha akashita kasuma elo ninshi akasuba nakabala,"alemoneka uwa nsansa saana uku ale angalila, bushe cinshi cilya ekete mukuboko kwakwe?",nikalya babomfya ukwendelepo pa menshi ,"oo nikalya akafwa umuntu ukuti enaka bwangu nga alesamba mu menshi, kalya bashintilishapo"
4306,"umusungu umu kashana nakwela kukashimbi akafita, naipilibula nomubili",alishibisha ukuipilibula umubili pantu alemoneka takwete na mwenso,cine alemoneka kale aa ambile uyu umulimo uwakuipilibula umubili noku bomfya amaboko yakwe ukwikatilila akashimbi pakutila epona,alifishiba bwino Sana kabili ku to alebomba kulemoneka bwino nganshi,"saana, elo alikwata namaka mumaboko pakutila akwanishe ukusunga umubili wakwe palya pamulu, mukwikatililafye kukashimbi aka sontele mumwela"
4307,shitata umusungu naikala pambali yali bemba alei teyanya ukwamba ukuloba isabi,fintu ekele alemoneka aleipakisha ukuloba isabi pantu naikwata fyonse ifikabilwa pa kuti abombe bwino uyu mulimo,"cine, nateyanya necakumu cingilila kumfula nangula kukasuba palya ekele shitata uyu",cacine alemoneka ni kale atapa ukubomba uyu mulimo uwa kuloba isabi nge nshila yaku leseshamo icitendwe ,"elo ukukwine ekele kuli ifyani ifya lepa kunuma yakwe, ndecetekela tamwikala ifinga leta ubusanso pali shitata uyu ifinga fumina mu fyani"
4308,namaayo uwafita inkanda naikata akatambo uko akakileko icintu alobele muli bemba,cintu akwete  calipala isabi nomba cena chikalamba elo chisangwa muli fibemba ifikalamba,"cine, calikwata nefyapala imicila ishingi nganshi, nomubili uwatelela",namayo alemoneka aletamba umusango wa ici chisabi nalimo muku wakubalipo alechimonapo ,"cine alemoneka uwa papa pamo noku sekelela ati nacikata icintu ici, limbi munani ku calo kuntu ekalila namaayo uyu"
4309,"umusungu umu kashana uu fwele ifya kashika konse kumo nensapato ukufumishako fye insokoshi ishili isha buta, natoloka",aletolekela mu musebo ninshi tamuli bantu ,"alemoneka uwa nsansa apo aletoloka umukashana uyu, elo kumbali yamusebo kuli utufyani eto bakwempa bwino",ali  na mupepi namayanda pantu kunuma yakwe kulemoneka ifikulwa fyayemba nganshi ,"cine cine alimupepi nefikulwa ifyayemba, elo futi kuncende ali kulemoneka ukwa busaka saana, nefimuti ifiliko fintu ifilemoneka bwino"
4310,Imbwa shibili shilesambila pamo umulemoneka nalimo nimu mumana nashikwata necintu icabuta mutunwa twashiko,ici cine shikwete chilemoneka chachisangwa mumumana wine elyo shilefwaya ukuchitwala ku mulundu,elo imbwa ishi shibili shintu shapalana mumi monekele shashiko,nalimo shafumine kuli nyina imo ,"apa shilesamba shamoneka ukupalama utufyani, nde enekela shili mukufuma mu kamana nomba line"
4311,"Ku ncende uku kulemoneka abashilika abafwele nefyabu shilika bali kumasambililo yabushilika, elo futi kuli nabantu abafwele ifya fita nabambi aba fwele ifya makumbi-makumbi",abashilika bene bonse balebombela pamo pakuti amasambililo yeleenda bwino pantu bonse bachitile fimo fine ,"bushe yalya yabili amabumba yabantu abafwele ifyafita nefya makumbi-makumbi abale butukila kuncende uku, nabo bashilika?",nalimo nabena bashilika abaletukusha umubili nangula bena balisambilila kale aya amasambililo ,oo kwena bonse balemoneka abale bombesha mumilimo shabo isha masambililo yabushilika nokutukusha imibili
4312,"abalumendo abali cine nomukashana umo, bonse abasungu, balemoneka bali kumbali yamusebo bale angala",bonse baposele amano ku mukashana kulemoneka ni nshita yakwe ukusendamo nibali muli uku ukwangala  ,mukubutuka kwakwe umukashana alemoneka nalimo kuli efyo alapanta panshi palya babelele,cacine bonse abo ali nabo baleenekela ukuti alakwanisha ukupata,cine efyo alemonekela nensansa isha pulamo umukashana uyu ukucila bonse
4313,abalumendo babili abasungu balemoneka balelungisha icintu cimo babomfya muncende babombela,iyo imo naposa amano kufyo alecita elyo uyu umbi alelosha abalekopa ifikope,"elo alinolupala uuposele amano kufintu alengusha, nafwala necabuta kumulu, ulya umbi uushi poseleko amano kufyo balelungisha afwele icafita kumulu",cacine uuposeleko amano alemoneka naishiba ifyo alecita,ndecetekela alapwisha umulimo uwaku cikakanya noku cilungisha icintu alelungusha uyu umulumendo
4314,umulumendo umusungu alemoneka aingisha umupila kubwangalo ubwa mupila wakumaboko,nabombesha icine cine ukulingana nefyo alemoneka,elo natoloka apatali pakutila afike nokwikatilila pantu engishe umupila wine,ee muli na bantu baletamba muchibansa,cine ndecetekela naba lumba pakwingisha engishe uyu umulumendo uufwele ica buta icikwete ama lembo aya katapa-katapa
4315,Akabwa akamasako aya fufuma kaletolokela mu menshi ku mumana ,nakabutuka icine cine nalimo kuli ifyo kalepepeka,"kwena mwasosa, camoneka nalimo kalepepeka icintu cimo, nakabikishako namano uku kwine kale tolokela mu menshi",cacine nakabutuka nganshi elyo amenshi nayo  yalemoneka yalefulilako ,nde enekela takuli ifinama ifinga kasansa ifyapala ing'wena mukamana aka kalimo akabwa aka
4316,shitata nomulumendo nabeminina panse iyama stolo ubushiku ninshi nayesalika ama stolo yene yonse,panse Pama stolo pali ne Fimuti filya babomfya ukusefya icaka ,Ee elo na shitata wine alemoneka kuli efyo ale eba umulumendo panse palya beminine babili,nalimo ebene bama sitolo pantu kulemoneka bushiku sana elo abene ebenga sangwa pa sitolo iyi nshita ,"efyo cipalile kwena, limbi elo bapwisha ukwisala elyo pali fimo bashitata balefunda umulumendo"
4317,"utubana tubili utubasungu, akalumendo naka kashana nabatu papa pancinga kuli ba wishi",nabeketilila bawishi pakuti bepona elyo cili bushiku ,"iyoo kwena tebushiku, finshingwa nemikopele yabo ifilemoneka nalimo bushiku",cacine elyo bashibo nabaposa amano uko baleya,utubana twena tulemoneka nomwenso panono pakuba pa ncinga
4318,ibumba lya bantu nalikumana pakati yafikulwa ifya pusana pusana mu kalale,kulemoneka kuli fimo ifyo balefwaya ukuti beshibishe itungulushi shabo ukupitila mukubunga nge fi,"cine mwasosa, ukubungana kwabo kulemoneka intulungulushi naikwata ifya kulanda nabo, kaili bonse balolekeshe kumokwine",pali abantu balekanalekana abamyaka iyapusana pusana,elo bonse nabeminina mukasuba ukwabula nefya kui cingilisha kukukaba kwakasuba
4319,"shitata na namayo abalemoneka nalimo niba mwenye bali muncende umo bacimfyanisha ukushana, baleshanina pamo",namayo nafwala ilaya ililepupuka lintu aleshana Batata bena Bafwele ifyafita,kumbali yabo kulemoneka bashitata naba namayo abekele patumipando bale soshanya,nalimo ebalebapingula imishanine yabo ,"nangula beshilefye muku tamba, pantu aba tulelandapo abapwisishe ukushana babili balemoneka balelolesha ukuli abalepingula imishanine yabo"
4320,abasungu babili umulumendo nomukashana nabeminina bale dabwa imbwa efyo ilebutuka noku sabusha amenshi ku ncende babelele,kulemoneka kuli ifyo ilebutukila ifyo bayebele ukusenda nangu ilebuka aba bacaice babili abali ku numa,nga balya bashitata abali pambali bushe finshi bekete muminwe yabo?,bakwete icakusaswisha ishiwi naka mashini  kakupiminako inshita,oo cine limbi balefwaya ukupima inshita imbwa yala senda paku pwisha incende ilebutukilapo
4321,shitata na namaayo bali panse mukalale ubushiku balelisha ifilimba,balemoneka abansansa ilyo balelisha ifi filimba,elo ukuntu bali takuli abale pitana mumisebo shabo palya balelisha,nalimo bushiku Sana elyo bali panse ng'anda yabo,"bale lisisha filimba umuntu uule bakopa utukope, elo cilemoneka balifishibisha ifilimba balelisha"
4322,"ba namayo babili na shitata bali kulya abantu bakwelela ishitima, elyo bonse basungu abafwele ifyakui cingilila kumpepo",kulemoneka kwalitalala sana elyo ishitima nalyo talilamoneka ,"cine, mukulolela apa balelolela balelolesha noko lifwile ukufumina ishitima bali noku kwela nga lyafika",chipalile ebalikofye beka abalelolela ishitima pantu balifye abanono,kuntu balelolela ishitima kulemoneka ukwa busaka kabili noko bakula bwino nganshi
4323,umusungu umwana umwaume umunono mwitebela nafwala ifyakumakasa ifyabakalamba ale enda,umo aleenda nimukashila akalefuma ku   ng'anda  ukuya kumusebo ukuukalamba,nafwala neca katapa-katapa kumulu nabika namano uko ale endela,taletina nokutina alemoneka ni chitomfwa uwatemwa ukwangalila mu musebo ,"aini, cine alemoneka ni citomfwa uyu mwana, alefwaya fye ukwendela uko alefwaya"
4324,ibumba lya basungu nabeminina mutubungwe utwa pusana pusana mu kalale,aba abakashana bali ne ncinga cilemoneka ni kale bamonenepo bali mu lyanshi sana  ,"cine, kunuma yabo kulemoneka na shitata nao uu kwete incinga uu lepalamina apo beminine bana mayo aba",balya bambi bana mayo abali kunuma nabo baleikumbata nalimo kale baimwenepo,"kuli nabekele pamipando yafyela kumbali yamusebo abale shimika ilyashi, iyoo kwena fingi filecitika ifya pusana pusana"
4325,namayo nakwela icikocika ico ipunda liledonsa,nafwala ifya makumbi makumbi nachisote naco chamakumbi,elo acipita icipampa ica kashika iciletila 'iminina' mumalembo aya buta ayamu cisungu,nalimo nabapamfiwa noko baleya elyo mu musebo alimofye eka,elo ukuntu bale pitila kulemoneka kale bakuula ifikulwa fine ifili mumbali
4326,na maayo umukote ale enda nenkonto mukasuba nakwata neci pepala icikwete amalembo aya makumbi-makumbi,nafwala ifyakufwala ifitali elyo alemoneka  ali ne chipapa apalembelwe ukuti  alelomba  ubwafwilisho ,"cine na pamenso alemoneka uwa bulanda namayo uyu, naikata nakakopo akabuta mukuboko kwaku kuso",nemyendele yakwe panono panono nalimo alekalipwa no bulwele bumo,"cine alefwaika abaku mwafwilisha nokumu sunga namayo uyu, alemoneka ale shupika saana"
4327,"Imbwa ile angala palubansa neca kwangasha ici kwete ama langi yabili, makumbi-makumbi neya kashika",imbwa nayo naikwata masako ya kashikilila ayatali,ilemoneka ili nensansa pakwangala ile angala neci ikwete mukanwa yaiko,naichingilwa mwi linga lya mbao ilyo bapeta ne langi lya buta kabili pali notu ifyani apo ili,"nde enekela ile angala nabene nangu tabalemoneka apa so, kaili ilemoneka kwati ilepilibukila kumo uko ilefwaya uku bwelelamo necintu ikwete mukanwa"
4328,"abasungu babili, bashitata naba namaayo abacikulile nabekala kwi tebulo bali mukwamba ukulya",bonse nabafwala nama galasi  mumuputule bali muli ne cimuti ca kusefya umwaka,elo ba na mayo bale fwaya ukupela bambi obo bali nabo ifili pa mbale bemishe,kulemoneka bena mwabo aba bali nabo mupepi,"cine efyo cili, balemoneka bali kala inshita iyitali pamo"
4329,umulumendo nomukashana nabekala pa cakwangasha palubansa ulwamangalo,cintu bekelepo chileimya umo  nokumutwala mu mulu elyo cabwela caimya umbi uuli ku lubali lumbi,"elo bonse babili basungu, nabafwala nefyakufwala ifya kui cingilila kumpepo apa bale angalila palubansa bali",nabasekela nganshi pantu icilebemya cilelenga baleumfwa bwino,elo icicine bakwelelepo caba ica kashika elo futi na makumbi makumbi muma langi cikwete
4330,umulumendo nomukashana nabekala kumbali yali bemba icungulo baleisosha naba sekelela noku sekelela,chilemoneka akasuba kali mukuwa elyo balikofye babili,"cine efyo cili, elo futi mumi monekele bali muci temwiko aba babili, elo futi bale moneka basungu",namona emulandu wine babelelefye babili takuli uwakubapufyana,elo umukashana napilibukila ku mulumendo cilemoneka kuli efyo alemweba palya bekele pamo bale tamba akasuba kali mukuwa
4331,abana abanono babili abafita inkanda balelolesha kumulu ninshi bali pakati ya ba namayo abalemoneka bali cisano,abana bene balemoneka abaondoloka ,elo ba namayo babili nabekala balemoneka balesala umupunga mulupe ulwa cilata ,no mupunga wine alemoneka taulingile ibumba lya bantu balipo,Napo bekele bonse pali iloba eco nabana bene abali pakati balemonekela ukubutuluka
4332,umwana umukashana umusungu nasunsumana kumbali yakacinga kakwe,kuliko ifyo aleikataula ku ncinga yakwe ,"cine, elo incinga yakwe ilemoneka iyama langi ayengi aya pusana pusana, makumbi makumbi, ukubuta, ukukashika..nayambi nayambi",elyo nakafwala ifyakuicingilila nga cakuti aliponene te kuti aicene sana,"kwena kalemoneka aka cengela saana akamwana aka, elo kalemoneka kaleiteyanya ukwamba ukucofa incinga yakako"
4333,"abalumendo babili abasungu nabeminina, umo alemoneka aleipekanya ukwamba ukwimba, elo umbi ale teyanya ifilimba",cacine uyu  aleiteyanya ukutendeka ukwimba nalolesha ku ntashi nalimo ekuli ibumba aleimbila,elo uyu uulepekanya ifilimba alemoneka alifishibisha pantu nabikako saana amano kufintu alecita,nanguline uwalatendeka  ukwimba alemonekako no mwenso ,"cine, limbi tala belela ukwimba pantanshi ye bumba lya bantu mu cikulwa ngeci alimo"
4334,umukashana umusungu naikala pamupando uwapangwa na mabwe eyo ba baasa mu ncende iya lelema,cilemoneka aletushako lintu talatwalilia ubulendo  bwakwe pantu nakwata ne chola,"cine efyo cilemoneka, elo icola ici asendele cintu cafita namalembo ayakashika..elo nomukashana wine alemoneka ale kumbwa kuntu aletusisha",cine nalimo ali pamulendo bwa kutali nangu eshilefye kukumbwa iyi icende isuuma ,elo kuntu aloleshe umukashana kulemoneka icimuti icikwete ifisabo ifya kashika
4335,bashitata babili abasungu balebombela pa cimuti icili panshi eco batemene,chimuti icikalamba sana cilemoneka nga calileta busanso ababula citema,"cine nga calileta ubusanso nga tabacitemene, bushe cibombelo camusango nshi ici bekete kuli shitata umo ica fita kumulu elyo noku kashika kunshi?",ni cilya babomfya ukutemanako imiti iyi kalamba,"oo cine icibombelo ici cilemoneka cintu icitali elo futi ica kosa nganshi, pantu icimuti batemene cintu icikalamba nganshi"
4336,ibumba lya bantu lile pita munshila mu kalale lilemoneka kuli efyo lilesefya,nalimo kulifyo baleilishanya pantu kulemoneka nabakusompa umutende ,"oo eyaa nimwe mwasosa, ubu bushiku ebo abantu balemoneka ukuilishanya pafintu fimo ifyo tabatemenwe",cacine elyo ninshita yabushiku kuli ukwatalala,kwena naci bapamfya icintu eco bale ilishanishapo mumisebo shamu kalale ubushiku kutalele abasungu aba
4337,umulumendo umusungu alepita necola akasuba aleya,alemoneka ali pa sukulu pantu abamushingulwike nabo bali ne fyola fya bana besukulu abamasambililo yapa muulu ,"cine abantu abalemoneka munshila nabapala ukuba abana besukulu yamasambililo yapa muulu,  elo uyu umulumendo pakubeya ukwa ku kulyo nakobeka akacola akaku sendelamo icaku kopelako utukope",cacine elyo pe sukulu line palemoneka palifula abantu abalekanalekana ,"cine cine paba abalekana lekana, pantu kuntanshi kulemoneka uule enda pa bantu bambi ni shitata, limbi nikafundisha uku kwine"
4338,shitata umusungu umukalamba namutekenya ali mu cimbayambaya icikalamba,chimbayambaya  ici cifuma ku buteko nga kwacitika amasanso pantu pantashi napachingililwa ne tambo yakashika,"iyoo cipalilekofye, ici cimbayambaya eco babomfya ukupanga nangula ukulungisha imisebo shilya bapanga, nga mwalolekesha nabacingilila apo bale bombela pakuti abantu bepitapo",nalimo kuti caba ifyo fine ,ee shitata nao alelolesha abantu abalepita kumbali ya cimbayambaya cakwe ici ekelemo
4339,bashitata bakapokola abasungu babili nabeminina bale soshanya,cacine nibalya abasopa umutende nabafwala nefya kuicingila ku mutwe ,"uuli ku kulyo ifintu ale eba umunankwe filemoneka fintu ifilesekesha, pantu umunakwe nasekelela",elyo ninshita yabushiku nalimo bali pa chuti yakubomba ubushiku,"apa kulemoneka nalimo cungulo, nangula limbi elo buleca, pantu ulubuto lwa kasuba nalusanika pamuntu uuli panuma yabo"
4340,shitata umusungu naiminina nasekelela ninshi kunuma yakwe kuli ne bumba ilinono Ilya bantu, cipalilebali nabatantama  elo ena alelashanyapo na bamo nangu cakuti tababalangile  ,"cine pali efyo batantamine, elo bonse nabafwala ifyakuicingilila ku mpepo pamo na shitata wine nelyo kasuba, cilemoneka kuncende bali kuntu kwa talala",ee bonse nabafwala ifya pempo uyu umbi umwanakashi ali pali lamya,elo kunuma yakwa shitata uyu kulemoneka nikwi sukulu pantu pali icimbayambaya ica mutuntula icabana be sukulu
4341,umukashana umusungu natoloka aleteya umupila wakumaboko kumbali yali bemba,alemoneka alefwaya ukupanga itoni pantu alefwaya umupila utolekelle ku lubali lumbi ,"elo kunshi afwelefye ka kaputula akaku sambilamo akafita, kumulu kwena nafwala ilaya ilya buuta",uku kwine baleteyela kuli ne loba lyamuchanga tabafwele nefya kumolu,kuli nabale tamba efyo baleteya pakuti baleba pendela bwino ama toni balepanga pakutila beshibe bwino aba cimfishe abanabo nga bapwisha ubwangalo
4342,Akabwa akali kuncende ukuba ukucimfyana kwa amangalo aya mbwa naka toloka epo bakabikile ukutoloka ,nakatolekesha nganshi elyo bashitata bekele pa chimbayambaya balekalumbilisha ,elo nakantu bakabikile ukutoloka nakakwata utushimbi tubili mumbali uto bambwile umulilo,cine cine iyi imbwa yalisambilila pantu kulemoneka naikwanisha ukutoloka ukwabula ukwambukilwa no mulilo,cine abene ba mbwa iyi bala ilisha ifyakulya ifisuma panuma yamangalo aya pantu ilemoneka yali sambilila bwino
4343,umulumendo uwaku fyalo fyaku kapinda ka ku kulyo naikala alelisha cinanda  ,nafwala a ifya mutuntula ku muulu naikala napachipuna,cilemoneka nalimo elo ale sambilila nangula alelisisha abalemu sambilisha,cine pantu nafuuka nganshi ,"elo cinanda alelisha untu uwa baswa bwino nganshi, uwa fita bwino"
4344,shitata umusungu uu lepepa fwaka naiminina panse yachikulwa alelisha icilimba icikalamba icapala banjo ,apo ali nabika ne chola cha fita Mumbali yachibumba ,"pantanshi ya cola cakwe pali naka botolo aka menshi, elo shitata wine nafwala ifya makumbi makumbi",alemoneka  untu atemwa ukulisha ifilimba nangu Encito abomba iya kulisha ifilimba,cine alemoneka uwa temwa ifilimba elo futi uku eminine alemoneka nalimo alefwaya abantu bese baponyepo kandalama palya alelisha
4345,kateya wamupila umwaume naiposa ukuti ekate umupila kaili eusangwa mucipanda,nafwala icakashika ku muulu na kaputula wafita nefya Kucingilila iminwe ,bushe ukuiposa aiposele uyu taicene palya alafika panshi? pantu naiposa saana mu mwela,muchibansa muli ifyani nangu engapona pantu aleponena pali ifyani taicene sana,"oo cine ifyani fili mucibansa kuti fyamu cingilila ku busanso nga afika panshi, eco aiposele umusango uyu"
4346,shitata uwacikulile umusungu naikala alelenga noku bomfya amalangi aya pusana pusana paka pampa eko ashintilishe pama tanta yakwe ,alemoneka untu waishibisha ukulenga ,"cine alemoneka kale aa amba ukulenga ifintu alenga, nafwala nakasote aka kwete ilangi Ilya fitulukila",elyo ali fye eka nalimo mukulenga emo alesesha icitendwe,"cine mwasosa, nangula mukulenga kwakwe emo alalngila icabupe akwata"
4347,shitata umusungu naiminina mu cikulwa bashitisha incinga alelolekesha pa ncinga iyi kwete iwilo limo ,alemoneka ali umo balungishisha incinga nalimo eulungika no kulungika  ,"eeya mwasosa, shilya batantike kunuma yakwa shitata shintu sha lungama, te ncinga isho bale shitisha iyoo",cine elyo ulya umbi shitata ena alemoneka alebebeta isho balungishe ,aba bantu balemoneka kale batampa incito elo kabili balishiba umwaku bombela bwino incito
4348,namayo alekobeka ifya ku shitisha pancende eyo ashitishishapo mu maliketi,pantu ali pali namalaiti yakumwafwilishako ukumona amakwebo yantu akwete,"pambali yakwe pali no muntu uu kontamine panshi nalimo pali efyo aletola, uyu muntu alemoneka nao mukashana nangula ni namayo mumi fwalile fye",cine kumaliketi bali nakufita takulemoneka abantu bambi ,"elo uku bali kulemoneka tekubasungu, aba bantu baku fyalo fya kapinda ka ku kulyo"
4349,umulumendo umusungu alecofa incinga pamusebo munshi ya bulalo bwa mukalale ku calo caba sungu ,ku ncinga yakwe nakobekako fimo ku kulyo elyo naku kuso,"fintu akobeke ku ncinga filemoneka nalimo fyakulya afumine mukushita, elo pambali yakwe pali ne cimbayambaya cilya beta ati 'basi'",ee nalimo nomba alelola ku nganda pantu nabwila,"iyoo kwena tabula ila, icinshingwa ca bulalo bwamu kalale ecile lenga kumoneke nalimo ali ukwa fita, pantu ubulalo bwa kaena bukalamba nganshi"
4350,abasungu shitata na namayo bali mu ng'anda yakwipikilamo bale pekanya noku pakulila ifyakulya pa mbale,balemoneka bantu baupana alepekanishisha capamo ifya kulya  muntu alepekanishisha muli amakabini yakashika,shitata nafwala icabuta kumulu elo namayo ena afwele ica fitulukila ku muulu,fintu balepekanya fintu  fyalekanalekana  ,elo pafyo bapakwile pamabale yabo fimbi filemoneka nalimo bwali 
4351,pushi nakwela pamulu yakapampa eko babikila kuchibumba ca cikulwa alelolesha panshi,lwamupepi napo ali pali iluba ilicingililwe ne linga lya tushimbi,elo akapampa akwelele kantu kabuta nama lembo ayakashika pe langi ilya mutuntula ,cine kapushi aka kalamoneka epo kangalila apa pa muulu,katwishi nga kali kwata nabene ka pushi aka
4352,"abantu abali cisano bali kuncende iyaku kwelela ishitima, batatu nabeminina elo babili nabekala",umo pabeminine alebelenga inyushipepala elyo babili abekele nabo balebelengepo fimo ,umukashana uwikele nao alemoneka naposa amano kukatabo alebelenga palya ekele,abantu tabafulile sana ,"cine abantu abaliko banono, nelyo bachepele, bonse balemoneka bakufyalo fyaku kapinda ka kulyo"
4353,"abantu abali cisano bali pamipando isha mbao na ifyela isha panse shitatu, abali cine bekele babili babili pali shibili imipando elo uwashalako umo nalambalala pamupando uwashala",abali pa mupando wakubalipo balelashanya fimo elyo nabakokelepo   nomba uyu ulekelesheko ali fye eka ,"elo uyu uulifye eka pamupando nafimba icisalu ica buuta pamenso palya alambelele, alemoneka nanaka",nalimo kuli ifyo alekalipwa ,cilemoneka bonse abali pancende bale tusisha mumusango cila umo na umo aleumfwilamo bwino
4354,namayo uwafita inkanda uulemoka nalimo naimita naiminina ukulemoneka kumbali yamusebo nangula pamulu ya bulalo,cacine kulubali kwakwe kuli nembeketi ya fita alelanguluka fimo,"cine pamenso alemoneka uwama langulushi, pantu emininefye mu kasuba",nalimo butali bwatafu bwa uko aleya alemoneka afuma kukutapa amenshi mu  bekiti iyo ali nayo,"cine mwasosa, limbi nanaka ukwenda endele uko afumine"
4355,namayo uwacikulile alelolesha shitata uwimishe ifintu ifingi ifya pusana pusana ku mailketi,fimbi pafyo emishe filemoneka nge ndupe nafimbo ifyapikulwa,namayo nao naimya ifyaku pikula ifilemoneka nalimo museke ifya katapa katapa,bonse balemoneka ukupikula encito babomba,"cine, nangula ku mailketi uku balefuma ekuntu bashita ifyaku pikula"
4356,bashitata abengi abakwete ifyaku kopelako ifikope balekopa mumbali yacibansa camupila,abengi pali aba bafwele ifyafita nefyakukopelako fintu fyafita mwapita notwa buta,kuci bansa uko bale kopela kuli naka bumba akepi akaku ba lesha ukutolokela mucibansa,"namona, bonse fye abalekopa amenso yali mufya kukopelako ","cine nababikako amano, ekwishiba ukuti emo bafolela noku liisha indupwa shabo"
4357,"shitata uwafita inkanda alelisha ipenga panse pantanshi yacikulwa, ninshi nafwala icakufwala ica kashika kumulu netoloshi ilya makumbi makumbi",cilemoneka ni nshita yakasuba elyo alelishisha abapita nshila,"cine, elo kuntu ali kulemoneka kwali talala pantu icakufwala cine afwele kumulu cilemoneka ca ku icingilila ku mpepo",cacine mukumoneka aleipakisha mufyo alecita ,elo apa alelisisha palemoneka nipantanshi yama tuuka
4358,"umulumendo umusungu naikala nashinta munshiku ninshi umukashana nao umusungu naiminina alelolesha kumbi nasekelela, elo bonse babili bali panse",cacine kulemoneka nabapusanapo fimo,"balemoneka bali panse yacikulwa cimo akasuba, katwishi nga finshi ale languluka umulumendo pantu alemoneka ukushupikwa saana",elo umukashana alemoneka uulandikisha Sana pantu kulya kumwetula kulemoneka ukwakukalifya umulumendo ,"cine alemoneka nalimo ni nkaka umukashana wakaena, katwishi nga palaba ukulomba ubwelelo apa pena"
4359,umulumendo umusungu alemoneka uwakalipa lintu ekele muncende iyaku shitilamo ifyakulya no bwalwa,elyo namukashana untu ali nakwe ali uwafulwa elyo umulumendo naimya ne botolo mu minwe,umu kashana bushe tale tinafye ubukali ubwa mulumendo pantu naikata ibotolo kuminwe,iyo nga aletina nga ali mukwima nomba nao nakalipa bonse nabalingana fye,"cine katwishi nga finshi fili muku konkapo, pantu bonse babili balemoneka abakalipe, nangula umulumendo alemoneka ni bambi akalipile"
4360,namayo naikala mwishitima lyaku basungu ne cola ica makumbi-makumbi pamolu elo alemoneka uwa sakamana,mupepi ne wido kuli shitata nao naikala alelolesha pali lamya,"namayo wine na fwala ilaya ilya fita palya ekele, elo nakobeka necitambala ica buta umupitile notwa fita kumu koshi",cacine nalimo namayo alelanguluka inshita ilyo ishitima lyalafika uko baleya ,cine ali nama tontonkanyo ayengi saana namayo uyu
4361,"umukashana umusungu alebombela mwi tuuka emo bashitisisha amakabe, alebomfya naci mashini ukupanga amakabe",elyo alemoneka alepanga amakabe ya bantu abengi ukulingana naba capu apekenye ,elo ici cintu alebomfya cilemoneka nalimo capangwa na golide,"cine,cimashini nachimwangushishako inchito ",cine elo cilemoneka ica mutengo saana ci mashini ca kaena
4362,umwana umulumendo umusungu aletolokela pa menshi,ali pamo no mukashana umuchilileko umushinku  uulemona fintu aletolekela mu menshi ,"elo ena ali kale mu menshi uyu umukashana, nankwe musungu..bushe cinshi ekete mukuboko kanshi umukashana uyu?",cakusambilapo pakuti aleleela pa menshi nokukana ibiila,"oo cakumwafwa palya alesamba aini, bonse babili balemoneka nabomfwa bwino ukusamba"
4363,"umusungu umwana umunono umukashana ale angalila panshi, elo nasekelela",alemoneka aleenekela fimo ukuponena mu iminwe yakwe ukufina mu muulu,"cine efyo alemoneka aini, bushe cinshi cilya akwete pambali yakwe panshi palya ali?",cakwangasha icapangwa ne mbao elo kunuma yakwe kuli ne tembo apo babikile ifyakuyeefya mu ng'anda,"oo namona, elo umwana uyu nakwata imishishi ishilemoneka ishabuta, shilemoneka ishisuma"
4364,"abana abasungu batatu, abalumendo babili nomukashana umo nabeminina pakati yatushimbi",abalumendo nabaposa amano kuli fimo ifili ku kulubali lwamukashana,elo akasuba nakatula uku beminine abana aba,"cine, bali abachingililwa mwi linga ilyakwata amalaiti pa mulu wa liko",elo utushimbi bashintilileko tuntu utwa makumbi makumbi
4365,abantu abekala kufyalo fyaku kapinda ka kukulyo nabekala mu maliketi baleshitisha ifyaku fwala ifya pusana pusana,ifyakufwala filemonekela sana fyaba shitata elyo Kwabako ne fyola fya banamayo,kuli namayo uulepita pakati yafyakufwala uufwele ifya buuta kumulu ne toloshi ilya fita,kulemoneka amakwebo yaleenda panono ukulingana na fintu abaleshitisha bekele,"cine nifyo fine, mukumona imimonekele yabale shitisha, amakwebo yale enda panono"
4366,shitata naikala pacola cakwe na asama alemoneka nalimo ale punda nangula ale aula umwau ,kulemoneka aleimba elyo nakasuba ka mu cungulo nakapulikana mu Fimuti ukufika pantu ekele,"ee, cine limbi aleimba...elo icola cakwe cintu ca kashika, na shitata wine nafwala akasote",elyo alifye eka kuli iyi icende ,elo kuncende uku kulemoneka nalimo niku mpanga
4367,ibumba lya ba mwenye lilemoneka lilepita kumbali ya maliketi iya fyakufwala,shitata uufwele itoshi lya makumbi makumbi alelolesha ukwaku kulyo kwakwe ,alemoneka ali na namayo uyu uufwele icabuta kumulu netoloshi Ilya fita uuloleshe kumokwine,cine pantu  baloleshe kumon kwine kuntu bali kuli nabaonda abeminine,"nakufula nabantu kunuma yabo uku kuntu babelele, na maliketi iyili pambali yabo ilemoneka naifula namakwebo"
4368,abantu nabekala mucikulwa icakulilamo baleliila capamo ifyakulya pe tebulo,abengi pali aba balelosha ku ntashi yabo nalimo kuli ifilelandwa ifichindeme ,"cine, elo abafulilemo muncende iyi basungu, cilemoneka nabakumanina fimo ificindeme mu ncende iyi",cine cilemoneka pali aka akashita tababikile na mano kufyakulya ,nabafwala nefyaku fwala filya ifyacindama bonse abali uku
4369,"Banamayo babili nabeminina pancende iyafisabo ifya mutuntula ifili panshi efyo abantu baswile, bushe fisabo nshi ifi ai?",filemoneka fipushi nalimo baleya kukushitisha,elo balya bambi abantu batatu abakele panshi balemoneka balepekanya ifisabo ifi ukupima efyo fifinine,cine Elintu tabalafitwala kumaliketi  balefwaya beshile isho balasangamo,"cine balemoneka kale batampa uyu umulimo uwakushitisha ifisabo ifi, limbi emo basangila ubwikashi"
4370,bashitata abasungu batatu balefumya utumipando muncende imo elo bale tatinka panse mukasuba,kulemoneka balepekanya umutebeto uwakuti abantu bekale panse ,"cine efyo kulemoneka, elo tapakokwele na saana epo bambile uku fumya utumipando twine",kulemoneka lucelo pantu akasuba takalati kasame ,"cine takalati kabale akasuba panshita iyi bale bombelapo, nde enekela mumi bombele yabo balapwisha napo takala sama akasuba"
4371,bashitata abacikulile abasungu balepita pacikulwa cimo akasuba,kuli ifyo basendele mu minwe yabo ,"elo uku balepitila takule monekela umuntu naumbi nangula umo, bushe kwamusango shani uku?",nalimo nikumaca sana abantu takalati bafule nangula kuntu balepitila takupita sana abantu ,"kwena akasuba kalemoneka nakasama, limbi ni filya musosele ati takupita saana abantu "
4372,namayo uwacikulile ale enda naimya amapepala mukuboko kwaku kulyo,mukwenda kwakwe nankotamisha sana panshi nabika nokuboko ku numa,cine nici imyaka shakwe pa calo shatintila eco imyendele yakwe ilemonekela ifi,namona elyo nabafwala ilaya lyamaluba maluba ,cili nalimo aloleele kuntu ekala namayo uyu
4373,bashitata nabakwela paci shelemuko ico bale donsa kumbwa ishingi pamulu yamenshi makasa mumpili,kuntu bali kuntu kwatalala takulemoneka  namayanda lwa mupepi,elo nembwa shine bali nasho shilemoneka ni shilya isha kwata amasako ayengi ayatikama pamulandu wakutalala kwancende babelele,nasho nashifula pakuti shiletita bwino icho aba bashitata bakwelelepo,"cine eco abene bashifusishe, pakutila bale endesha palya shile tinta ico bakwelelepo"
4374,bana mayo babili abasungu nabeminina palubansa bale shimika elo umo alenwinapo namakabe,nabafwala namalaya yamaluba maluba umuli amalangi ya buta nayafita,elyo amalaya aya bafwele te yamoyene fye? pantu yamoneka ukupalana kwena,iyo kwena ensalu imo ine lelo amaluba yalimo nayapusana ,"oo kwena elo nalolekesha, yapalenefye nelyo teyamoyene"
4375,abasungu babili umwaume no mwanakashi nabeminina panse baleiteyanya ukukopwa akakope,nabamwetula nganshi elyo kunuma yabo kuli amaluba yamututula ,balemoneka nabomfwa bwino ukuba pamo uku bali nangula akasuba nakatula,cine elyo kunuma yabo na kabili kuline  chimbayambaya ca makumbi makumbi  ,amaluba yalya panuma yabo abaya byele bantu baishiba ukuyasunga bwino pantu kwena nayamoneka bwino
4376,umulumendo uwafita inkanda naikala panse pamupando uwa mbao nefyela naicingilila kukasuba Ninshi aleshipula,afwele ifyafita elyo akasuba nakabala  nafwala nefyakucingila amenso,"cine elo futi nafwala nakasote, alemoneka nanaka saana pakutila ese ashipwile apa Ali",alemoneka ali pa lwendo lwakutali nangula ni ulya ushakwata kwakwikala,"nasangapo ukuti kuti fyaba fyonse fibili ifyo mwasosa, icishibekwefye cakuti uyu muntu nanaka kwena"
4377,Kapumpe uwafita nomutwe uwabuuta alepupuka,kuntu alepupukila kuntu kwayemba nganshi ,"kulemoneka nikumbali yakamana, kabili kapumpe uyu atemwa ukuloba nokulya isabi","cine,fintu  ali uwaitutumba mumipupukile yakwe","alemoneka aleiteyanya ukuponena pa menshi pakutila ekate isabi, eico abwelele panshi mumi pupukile shakwe"
4378,abasungu bali mucikulwa umwa fita balelisha ifilimba,"cine, balemoneka nikulya baba lintu tabalaya pa ntashi ya bantu kukwimba","oo, eyaa mwasosa cine, kulemoneka elo baleipekanya ukwamba ukufilisha ifilimba pantanshi palya balafika abantu bakaena",nababika amano kukuipekanya pa kuti beseimbila bwino abantu baleisa kuku tamba ,"cili ifyofine, nefilimba bali noku bomfya balefwaya fyonse file lilafye bwino nenshita yakwimba nga yafika"
4379,ibumba lya bantu nalikala pamu canga kumbali yali bemba,cilemoneka Lupwa lulekwata akashita kasuma ukwangalila pamo,"cine nifyofine, nomba kulemoneka kuli na bantu abengi nabambi pantanshi yabo, bambi bale angalila mu menshi","namona, bonse fye beshile ku kwangala",cine nefi katulile akasuba nde cetekela bonse balaya sambapo pamenshi pakuti bomfwe bwino
4380,abasungu shitata na namayo nabekala pamucanga uwaba kumbali yali bemba,"kunuma yabo kuli chimashini icikalamba, bushe finshi ici chimashini cilecita ku mbali ya bemba?",ici ci mashini ecilya cipita kumbali yali bemba cilefumya ifisoso efyo abantu baposa mu mucanga uwapalamina ne bemba,namona kwena awe kwena chilabombesha emulandu wine kulemonekela ukwabusaka,"cine caba nencito iyi kalamba, eico namutekenya uuchenshya nao afwile aibikilishapo paku bomba bwino incito iyi"
4381,"umwana umunono umusungu ale angala pacibansa ica kwangalilapo, alemoneka nakwela cimo, bushe cinshi akwelele ici?",cine apo akwelele alefwaya ukufika apasasukileko pachakwangalilapo,"oo, cintu caku kwelapo pakutila afike palya pamulu kanshi, nomba teti apona aicena palya ali?",cacine kuti aicena pantu nachepapo pali balya bambi abalekwela apasaswikeko,cine abafyashi bakwe balingile ukubikako saana amano kuntu ale angalila pantu acili umunono umwana uyu
4382,umulumendo umukalamba na umulumendo umwaice nabeminina apali amenshi ayengi yale sansa,baleipakisha nganshi ukuba pali aya menshi,"elo umulumendo umukalamba pali aba babili nasekelela saana, cilemoneka nalimo umwaice nalandapo ifyakumu sekesha palya bale angalila pa menshi uku bali","cacine kwena nasansamuka elyo kulemoneka kuli na bambi abantu abekele ku numa yabo ,bushe nabo balesambako pali aya menshi yalesasa?","iyoo bena baliko apatali namenshi ayale sansa, balemoneka nabekala pa ncende apaku tusisha "
4383,bashitata naba namayo abasungu abakote nabeminina kumbali ye tebulo pamo na namayo uulemoneka nalimo mwana wabo,balesefyako fimo mu bumi bwabo nalimo myaka iyo baikala mu cupo chabo ,"nabateyanya nefyakulya ifya pusana pusana, elo uyu uulemoneka nalimo mwana wabo alebafwilisha ukupakula ifyo bateyenye pe tebulo ",cacine nifyo nabatantalilako mu myaka balekabila ubwafwilisho,elo ba namayo aba abacikulile naba fwala ifyakufwala ifya fita
4384,ibumba lya bantu nali tantamina ukukwela ishitima lyamu kalale ilibomba namalaiti,cine nakufula abantu ku citesheni kwine ,"Ishitima line lilemoneka ilya mutuntula, nalikwata na mumbi umulemoneka umwa kashika, elo futi mumi monekele lyaliko lilemoneka lila butuka saana nga lile enda",cine aya mashitima yenda ne nshita ngayapusakofye inshita panono ninshi yalapufyana ishitima linakwe,"oo eyaa mwasosa, ni yalya amashitima ayenda ne nshita aini..eco babomfesha ama laiti ukwenda"
4385,umukashana umusungu ale angala ubwangalo ubwaku kunkulusha umupila noku lwisha ukuwisha uto batantike nomupila wine,"namona kwena, fintu aposele umupila alefwaya fye awishe tonse tuntu batantike",elo ilingi mu bwangalo ubu umupila uba uwakosa nge libwe elo futi uba uwafina kabili ilingi uba uwafita,umo aleteyela muli umwabusaka sana elyo ku ntashi kuli ne nsalu ya calo cakwe,"cine mwabusaka, elo umukashana naimya ukulu palya aposele umupila uwa bwangalo ubu, nafwala ifyaku fwala ifya fita."
4386,"shitata natantika panse ifintu alebomfya uku pangilako utwaku nwa utwa fisabo akwete, aleshitisha abantu",nakwata ifisabo fyalekanalekana pa kuti apange ifya kunwa fine,elo pali abasungu babili umulumendo nomu kashana nabeminina pantanshi yakwe balelolela ukuba pela ifyakunwa fintu alepanga ,ituka lwakwe lilifye panse pakuti abapita nshila bengalashita ifyo aleshitisha ,"cine, apa asalile ukuli bika ituka lyakwe pantu epo benga mumona nokushita shita amakwebo yakwe mukwangufyanya"
4387,"ibumba lya bantu abafita lili mumpanga, elo aba bantu balemoneka bale seba mumbali yamusebo",balemoneka bantu balebombela pamo ukulingana na fintu bekala ,"ee balemoneka bale fwaya uku wamya incende uko bekalila, nangula umusebo ba bomfya ukupitamo abena mushi ",cine bantu baikatana mumibombele yabo pantu nabomana akapi,elo bantu abasakamana incende bekalilapo pantu kwena bengi beshile muku bomba uyu umulimo bakumanine
4388,bashitata batatu abalemoneka ni ba mwenye nabeminina baletapila amenshi mumugomo,"cine, nabakwata necakukakilako inkupiko nga  bapwa ukutapa amenshi ","balemoneka bali pancito aba batatu, muku monafye ifyo balebomba",nalimo baletampa amenshi ayakubomfya mumibombele yabo,"cacine, aya amenshi baletapa yalemoneka yaku bomfesha imilimo esho bali noku bomba"
4389,namayo umusungu uufwele ifya buta alepyanga muncende imo,fintu afwele ifilelanga ukuti ukupyanga encito abomba ,"cine encito yakwe iyi, alemoneka mubomfi uubombela mukati yama yanda ",mukupyana kwakwe alemoneka alishibisha iyi ncito,awe kwena afwile fye aishiba bwino ukubomba incito iyi pantu emuuntu asangila ubwikashi
4390,kapokola naiminina nembwa pambali iya cimbayambaya iciswike icibi ica kunumuma namulya balongela ifipe,kuli ne bumba lya bantu abeminine ku mbali ya chimbayambaya,"cilemoneka kuli efyo balefwailikisha ukusanga mu cimbayambaya, ifinga lenga umuntu bamukaka kuli ba kapokola pamulandu waku toba amafunde  ","cine,nalimo kuli ifyo balefwaya muli cilya cipanda ukubomfya imbwa inshiya shilenushilisha ","cacine kwena, imbwa iyi bale bomfya ni ilya basambilisha uku nunsha umuntu nga na senda imiti balesha ukukwata ukulingana namafunde aya mucalo ici"
4391,namayo umukote uwakufyalo fyalo fyakapinda ka kukulyo alemoneka alesunka icikwete ifipe ifingi saana,fintu asendele filemoneka nifya baleya mukupangulula pantu bapangilemo ifipya ukubomfya ifipe fya kale,"cine efyo ilemoneka, elo futi pafintu alesunka pali nakamupando akafita",fintu asendele fintu fyalekanalekana filemoneka ukufina,nde cetekela alasangamo ifisuma nangula amakwebo ayala muletela indalama ishingi paku cula aleculilapo ukusunka fyonse ifi
4392,"shitata umusungu uufwele ifyabuta alewamya panshi mukati mung'anda, alemoneka alekolopa",ee cacine nabika amano ku ncito yakwe pantu alebomba bwino sana,nafwala nefya kuicingilisha kuma boko ifya fita,cacine fintu afwele alefwaya ukuichingilila kumalwele yengafuma mukuwamya incende umusangwa abantu balekanalekana,"elo nabomba bwino saana umulimo uwaku wamya incende iyi, pantu ilemoneka iyabusaka saana, cine abomba shitata uyu"
4393,umulumendo umusungu aleimba elo alemoneka napunda pakwimba,elo kumuulu nafwala umuli ifinama ne toloshi lya fita,"alemoneka aleimbila panse pa ncende imo akasuba, nde enekela kuli abantu abengi abakumene uku ",kwena aleimba no mwenso wakwe onse pantu nemichichili yamumukoshi naifuna,"iyoo kuti natemwa ukumfwa inyimbo aleimba umulumendo uyu, pantu amaka abikilemo yena yaliko ayaibela"
4394,Kemba uwafita inkanda umwaume aleimba mu cikulwa nafwala ica kashika kumulu netoloshi ilya makumbi makumbi,nao aleimbisha pa ntashi yaba kakutika elyo bakalisha bafilimba nabo nabakonkamo,alemoneka kale atampa ukwimba pantu mukalamba ko uyu shitata aleimba,nepo ali pantu aleimba pali apafita elyo mumo mumo muli utwakatapa katapa,"mukwimba kwakwe alemoneka nalimo nasendwa saana, pantu palya abelele alemoneka ali mukufukama pekufi limo "
4395,Akamwana akakashana kalemoneka nalimo bakasabukisha amenshi palya taka cetekele,nakatulumuka Pakumona ifyacitika elyo nakafwala umufulile ilangi lya katapa katapa,"cine, ifile mpapusha fyakutila kaletulumuka nelyo ifintu kafwele ni filya ifyaku sambilamo","kwena, amenshi ayatalala yalatulumuna nangu wingaipanga shani","Ee mwasosa, amenshi baka sansa yantu yatalala eico katulumukile akamukashana aka, nangu kenga moneka akaiteyanya ukusamba nokulingana nefyo kafwele"
4396,Akamwana akalumendo akamusungu kale angalila pamabula neci bombelo icaku kushilako eyo bakushile kale,cilemoneka abafyashi bachilabomba pamo no umulumendo elo baselapo ena nashala,nomba bushe ta tampefye ukusalanganya amabula bakolonganike ifi bamushile eka umwana uyu?,kwena kuti afisalanganya pantu abaice bena fyonse kwangala,"iyoo, abakalamba abali nankwe babwele bwangu pakutila basange ninshi talasalanganya amabula aya bakushile"
4397,umulumendo umusungu ale angala ubwangalo ubwaku kunkulusha umupila noku lwisha ukuwisha uto batantike nomupila wine,nao wine alepanga ukuwisha tonse uto batantike ukubomfya umupila umo,elo ena umupila aposele wena wa makumbi makumbi,"muntu ali mupepi nakumuulu nabapetako utubolo tumo,tumbi  natupona elyo tumbi natwiminina","elo umulumendo wine nafwala akasote aka kashika, nensalu kumuulu iya kashika umupitile notushilwa utwa buuta, elo kunshi afwele itoloshi ilya makumbi makumbi"
4398,"abasungu abali cisano, abaume babili naba kashana batatu nabapilibula amacinga yabo baleyalolekesha",kulemoneka bacilaya kumo elo baiminina ukuti bamone nga ama ncinga yali bwino ukubafisha kuntu baleya ,"cine, pantu yambi ama cinga yalemoneka baleyakaka palya bayapilibwile",cacine aba bantu bali mu mpanga ciweme fye pali abaishiba ukuwamya incinga ,"elo uyu umulumendo uukwete imishishi ishalepa pamo ne myefu, uufwele ica mutuntula ena emininefye ale tamba abanankwe bale bombela pancinga"
4399,namayo napapa umuseke uukalamba kunuma alekweleka akashila akaninike,nafwala nelaya lyakashika elyo mukashila muntu ali muli amabwe ,"filemoneka nalimo nafifina ifili mu museke uyu apapile namayo, bushe alakwanisha ukufika kuntu aleya?","cine, kwena nafifina pantu naongama nako ukufika kwena alafika pantu kulemoneka amayanda nalimo ni nganda yakwe ilya ilemoneka lwa mupepi",elo naci paapa nensalu iya fita ici icimuseke emishe panuma yakwe namayo uyu
4400,"ibumba lyaba sungu ilinono kuli efyo liletamba, elo umo umulumendo pe bumba line alekopa notukope kuntu bonse balelolesha",umukashana uuli pantashi alesotapo fimo ifyo amwene,bushe tabale tandalafye ku fyalo fyabene aba bantu? pantu balemoneka nalimo beni uku kuncende babelele,cacine fintu asotele filemoneka tafimonapo kuntu ekalila,elo shitata uuli kumpela yabo nakontama alelolesha utupunda umule fuma amenshi munshi ya palya beminine bonse
4401,shitata umusungu naikala panshi mucikulwa alebelenga fimo ekete muminwe,alepituluka mufyo alaya mukulanda pantu napekanya ifyakufwala ,bushe taleya mukupa fye? pantu ifintu afwele nafipalako elo futi namuncende muntu ali namupala mulya abantu bakwatila ama bwinga,cacine nalimo alepituluka mumilapo alayalanda kuuli nokuba umwina mwakwe,"cine efyo alemoneka uyu shitata, pantu pamenso yakwe palemoneka apa nsansa"
4402,"shitata umukote uule moneka nalimo ni mwenye nasunsumana panse, alemoneka aleiteyanya ukwamba ukulya ifyakulya pa mbale",alemoneka ali pa ubulendo elyo afika pa baluse bamupelako ifya kulya,"cine efyo camoneka mwe, pantu naikata akakopo umwaciba amenshi eyo ndenekela afumine ukunwa, pantu tapali ifishelemo palya akekete",umubili wakwe ulemoneka taukwete ifyakulya fyakumanina pantu alemoneka takwete amaka,"cacine, eico abantu abaluse bamupekanishako umupunga pakuti alye akwateko amaka palya abelele"
4403,umusungu shitata aletanusha umupila ulya balonga mukapanda akamoneka nalimo museke eko bakobeka kukashimbi peulu,eee nafwala nakaputula wa kashika tafwele ifi fyonse ku muulu,alemoneka ale fwaya akalipe elo futi eshibishe umwaku teyela umupila uyu,ee aletotonkanya ifyo alasesha umupila pa kuti apange amatoni,"cine efyo cili, nomba uku ali kulemoneka ukwakaba pantu nakatula akasuba kwena"
4404,bashitata abasungu abacikulile babili bale enda akasuba palu bansa,kuli ifyo balelashanya ifikumine imilimo pantu balemoneka bali pa milimo ,bushe cinshi cilya bekete muminwe ba shitata bamo pali aba babili? cilemoneka nalimo kuti baci bomfesha kunshi?,cilemoneka nitulya utundeke tunono uto babomfya ukukopa ifikope lintu kalepupuka,"oo cine nikalya kene, ninshi bacilakopa incende babeleleko iyi"
4405,namayo umusungu uufwele ica makumbi makumbi kumulu nakontamako palya alekopa akakope ,abo alekopa nabo nabafwala ifya makumbi makumbi abeminine pakati ya fimbayambaya,"elo kuntanshi yakwe namayo uyu kuli icimbayambaya ica kashika, katwishi ifilecitika akasuba uku bakumene nefimbayambaya fyonse ifi",nalimo kuli iciila nangu Belefye mukutusha,"cine kuli fimo ifilecitika uku nangula nifyo mwasosa ati bele mukutusishako, tachishibike bwino, ifishibikwe fyakutila ati ekobali"
4406,shitata umusungu ali mu cikulwa muntu abombela naikala ale bomba palya aloleshe paka tunshi tunshi nama pepala ayali pantanshi yakwe,pa cipuna ekele nefyo afwele ku mulu fya makumbi makumbi ,"cine, elo futi alemoneka incito naimusenda shitata uyu pantu nabikishako amano kufintu alecita palya ekele","cacine, pantu ifitushi tushi  aleloleshapo nafifula elyo filemoneka fikwete amashiwi yalekanalekana ayo afwile ukubombelapo","cine incito iyi ilemoneka naimusenda shitata uyu, ilemoneka intu yakubikishako amano palya ulebomba"
4407,umulumendo natolosha icimbayambaya ica pala incinga cilya beta mpumpumpu mumulu,cine naimya no lukungu mumyeshele yakwe nalimo ali mukuchifyana,"cine mwasosa, aya mangalo ayaku cimfyana naba mpumpumpu mu musango uyu, uwafika bwangu uko baleya ukucila abanankwe ewakusenda icikombe",kwena yakutinya aya yene amangalo pantu nga wapona busanso ububi sana,"cacine ifyo mwasosa, umuntu kuti aikontaula amafupa nga taponene bwino, eico bafwalila nefyaku icingilila kubusanso palya balecimfyana"
4408,abasungu babili shibwinga na nabwinga nabekatishanya palya baleputwila pamo imbukunya matobo,ca cine ubu bushiku bwa bwinga bwabo lwa mupepi ne bukunya matobo pali amaluba,"elo kuntu bale putwila imbukunya amatobo balemoneka nalimo balikofye babili, nabapalamina necibumba","cacine, bonse balemwetula nganshi ","ubu bushiku bwa nsansa, elo balemoneka balitemwana saana aba babili"
4409,"abakashana abasungu babili bali mu sukulu, umo naikala elo umbi naiminina, uwiminine alebelengela umunankwe ifili mucitabo ekete",uyu ulebelenga aleafwilisha umunankwe ukufwikisha fimo pafyo basambilile,"cine, nomba ninshi tababelele mumu putule uwama sambililo? pantu bekelefye panse palya apasangwa umo balonga noku komena ifitabo fyabo ",kuntu bali nikulya abasambi basungila ifikabilwa fyabo apasanshishe namabuku ,elo ali ba bwino umutima uyu uusalile ukwafwa umunankwe ukumfwikisha ifintu alemu belengela
4410,umulumendo umusungu uufwele icabuuta kumulu naikala alelya ifyakulya,fintu alelolesha nalimo aleti fintu ndelya nafiwama nganshi,"cine, elo futi alemoneka nalimo alepapa abalemukopa akakope palya alelya","cine, nalimo tatemenwe ati bamukope ninshi alelya","ee kwena nifyo fine, pamenso napa langa ati tatemenwe efyo balemu kopa"
4411,abalumendo abasungu babili abaice baleshana palya bemishe ifintu ifilemoneka fya kwangasha,fintu bemishe nifilya babomfya ukuuminako aka mupila kanono ,"kuli nomulumendo pantanshi yabo, alemoneka kwati eo bale angala nankwe palubansa",baleshana nalimo naba panga itoni ukucila umulumendo untu baleteya nankwe,cacine cilemoneka nalimo aba abalumendo babili nabengisha itoni elyo balesefya
4412,bakateya bamupila wakumaboko abakashana naba kolongana palya ukucimfyana takula tampa,balesosa amashiwi bakateya wamupila balashanya aya kukoseleshanya,"cacine kwena, elo bonse bafwele ifya fita, balemoneka nabaiteyanya ukuteyesha umupila uyu pakutila bacimfye ebo baleteya nabo",cine muchibansa bali muli abantu sana abalebalumbilisha,cine amangalo aya yalemoneka yalaba aya wama nganshi apa balatampa ukucimfyana
4413,namayo umusungu uwacikulile naikala eka panse akasuba nafwala nefya buuta kumulu,"cacine,nafwala nama galasi elo ekele ngo uleenekelapo fimo ukuchitika ","nomba pamenso talemoneka uwa nsansa, nalimo kuli ifintu ifyo asakamene",ali uwabulanda sana tekalishe napatu ekele,nalimo ali nama tontonkanyo ayamu fisishe apatali palya ekele namayo uyu
4414,Imbwa iyafita ile angalila mufyani palubansa ,bushe ili palubansa nangula mu fyani?,iilimu fyani fyapalubansa epo ilepilibukila,aleipakisha akashita kasuma ukuyolola pantu ili,awe nayumfwa bwino ukwangala ilengala imbwa iyi
4415,umukashana umusungu naikala pambali yacikulwa mu kalale alemoneka kuli efyo alelolesha kukulyo kwakwe,"cine, nomba imiloleseshe shakwe alemoneka  uwabulanda ","cine cine pali ifilemushupa palya ekele, elo pambali yakwe pali umulumendo nomukashana abalemoneka abali mucitemwiko",nalimo alefuluka umutemwikwa wakwe uyo balekele ukusoshanya nangu tabali pamo pali iyi nshita,"aini? limbi eco aloleseshe kumbi, pantu abali pambali yakwe balemwibukisha umutemwikwa wakwe"
4416,shitata umusungu aleshitisha isabi mwi tuuka lyakwe ubushiku,kulemoneka nabwila pantu bantu abakushita talabalemoneka,"elo umu aleshitisha mulemoneka nimu maliketi yabasungu, elo shitata alemoneka ali nomunankwe uulemwafwa ukushitisha isabi lyakwe","cine,elyo pantanshi yapo baleshitishisha pali apa kulila ifyakulya pali na bamo abalelya","cine ekobali aini? Elo nabamona abalelya..mu maliketi umu camoneka tabashitishamo fye ifyakulya, balapekanishamo nefyakui liila mulya mwine kubale fwaya "
4417,ibumba lya bana be besukulu abalumendo na bakashana balesambilila ifya kutukusha umubili,bali ne nsansa pafyo balecita baleipakisha aya masambilio,"elo bonse aba balemoneka bakufyalo fyaku kapinda ka ku kulyo, cine bali nensansa pafyo balesambilila","cine , pantu bonse baleyolyela umo batemenwe",nde enekela napo balapwila ama sambililo balafumako nensansa ishapulamo
4418,"bashitata abasungu batatu baleteya ubwangalo  ubwakuma umupila nakashimbi, elo baleteyela mupepi no mumana",kuntu bali kuli ukwayemba nganshi  no mwela ulepuupa usuma sana,"elo nefyani balifi kwempa bwino nganshi, pakutila akamupila boma notu shimbi utwapala ifikwakwa kale kunkuluka bwino nga bakoma",ubu kwangalo bwa mutende nganshi bwalipusana sana no mupila wakumolu,"cine wamutende, pantu nabalya abaya mukutamba ubwangalo bafwile bali tondolo palya uuleteya aleuma akamupila kene akabuta nakashimbi kakwe, bafwile balandafye nangula ukutota panuma yakuma"
4419,umukashana naiminina apalemoneka pamulu ya lupili aletamba incende yashunguluka ulupili,nafwala nakaputula akepi elyo mano yonse aposele kukumona incende kutali iyo engamonafye nga ali palupili,"nafwala neca mpepo ica katapa-katapa, elo umukashana uyu alemoneka muntu uwafita inkanda",nalimo abafyashi bakwe bambi bantu bafita elyo  bambi basungu,"eya mwasosa, alemoneka inkanda intu yapala umwana uwafyelwe kumusungu nomufishi"
4420,bashitata abasungu bali pakati kampili ishikalamba cilemoneka kuli amasambililo ayakumine impili yantu bakokele nangula balefwaya ukufika pamulu yampili ishi balekwela,"cine, pantu balemoneka ebaliko  fye elo nefisolobelo bakwete filemoneka ngefya kucecetelako",cine fyakubafwa ukukwenda noku bacingilila kuma sanso ayenga benga sanga palya balekwela impili,awe kwena aba bantu balitemwa amasambililo pantu kuntu bali takwikala bantu,"aini, elo uku kuntu bali ni kulya ukusangwa ifinama, eico nga tabendele bwino kuti bakumana ne nkalamu isha mu mpili"
4421,abalumendo babili abasungu bakemba baleimbila abantu ,bafwele ifyafita elyo nefyo balebomfya ukwimba napo bali napafita,"umo naikata na banco alelisha palya baleimbila pamo, nasekelela noku sekelela palya aleimba",abali lwamupepi napo baleimbila naposako amano mufyo balebembila,"cine nabamoneka ati nabafilisha ifilimba uku kuntu balelisisha abantu, elo cili nalimo balafolelapo pakulisha kwabo"
4422,umusungu umulumendo aleangalila pali bemba elo ninshi kuli icimwela icikalamba,"cine, chilemoneka euli fye mumabimbi pali iyi inshita  ",nafwala insalu iyakashika kumulu nanyanta na pa mbao iyaku bashilila eyo babomfya ukwangalila pa menshi,kwena takwata mwenso pantu icili conse nga calichitike teti pabe ubumi  pantu takuli uwakumwafwako,"abalumendo abapalamina nama bemba efyo baba, maka maka abasungu, taba kwata umwenso kufya musango uyu"
4423,banamutekenya bale ensha cimashini babomfya ukwimishako ifyafina ifya lekana lekana,pafyo baleimya pali amabwe yakukuulila pali iyi icende yabukuule,"cine balemoneka balepekanya incende iyi uku bombelapo nangula ntile uku kuulilapo fimo, elyo pantanshi yafi mashini kulemoneka ishitima",nalimo balekusha icitesheni ce Shitima pankuti chikumane abantu abengi ababomfya  ishitima,"kuti caba nge fyofine kwena, balefwaya ukupanga apa kalamba apo abantu bengala kwelela ishitima nga lyafika"
4424,umwana wa nkanda yafita ali mumulu nabamwimya ukubomfya intambo ishikalamba ,natemwa nganshi ukuba mu muulu elo nakasuba  nako nakabalika,"cine katwishi nga nikwisa uku ali, ukusekelela kwena nasekelela mukasuba umu ali panse epo bamwimishe",aleipakisha nganshi ukwangala muli uyu musango elo tachaseka abana Ba uyu mushinku ukutemwa ukwangalila mu muulu abengi balatina,"cacine mwasosa, uyu umwana aliko uwaibela pantu insansa ishi tebonse abana abenga shikwata pakuba mwiulu nga uyu"
4425,bashitata babili abasungu nabekala mupepi na menshi ayaba muco bapanga ,elyo kutanshi yabo kuli banamayo abasungu abaleshimika ilyashi,"elo amenshi yali pakati yafikulwa, bonse cili nalimo balefwaya bomfweko akamwela akapita ubushiku",cine nalimo bantu baupana nomba balebomfya iyi inshita kukulashanya banamayo beka elyo naba shitata nabo beka,cine efyo filemoneka aini? nangula bantu abele mukutandala kuncende imo iyo tabayako
4426,umwanakashi umusungu aleangasha indimu shibili isho aleposa muulu pa nshita shapusana, kwena alishibisha ici changalo pantu indimu shilefika pa nshita ninshi imbi ili mu muulu,"elo nafwala insalu iya fita kumulu, nasekelela na saana apa ale angasha indimu ishi ekalile ukuposaika",kunuma kumwakwe kuli ne linga ilyakulwa bwino,mukumoneka kwakwe ali palubansa panse iya ng'anda ekalamo
4427,Umukashana umusungu aleipika imbukunya matobo yamu poto,natinako pantu apa alepilibula cilemoneka kwati yalaponena panshi,"kaili tale bomfya ucakupilibwilako, aleitoloshafye pa pani palya aleipikila","cine ,Kwena ifi alepilibwilamo enshila imo iyo bepikilamo imbukunya matobo ya pali pani","tala ishibisha uku pilibula nokubomfya umusango uyu, munshiku alemoneka akabelela"
4428,imbwa ileenda kumbali ya menshi yali bemba naikwata nakamupila aka mutuntula mu kanwa,kuntu ileendela takulemoneka abantu nangula imbwa shinankwe nalimo kutali ifumine,limbi abene ba mbwa iyi baciposa akamupila apatali pakutila ileya ikatole,nalimo pantu fintu ileyenda nafipalako ifyo imbwa batumine yenda,"cacine, nde enekela abene babelele uku ilolele naka mupila mukanwa imbwa iyi"
4429,abalumendo ba nkanda shapusana pusana baleteya umupila wakuminwe ,naukankata uyu mupila pantu abalelwishanya bali namukuponena panshi,"cine aba abapalamine umupila nacimoneka bali mukupona, mumbali yaci bansa kuli ibumba ilishile mukuba tamba",elyo kuli abantu abengi abalebalumbilisha,"uyu umupila cilemoneka naukosa, katwishi abala cimfya abanabo nga nibanani"
4430,bashitata abasungu baletinika lamya Lilya  bali panshi yamugodi,cine mumugondi wine mulemoneka fye amabwe panshi napamuulu,"cine cine mulemonekafye amabwe, katwishi nga mugodi wanshi uyu alimo shitata",nalimo mu mugondi uyu bembamo umukuba nelyo amabwe yambi ayauma umutengo,"cine, elo uyu shitata alemoneka eulolekesha pami bombele isha mumugodi umu"
4431,umukashana umusungu naikala pacipuna ca mbao akasuba alelolesha na pali lamya,nafwala necha mpepo cafita elyo ne  nsapato ishilefika muma kufi,nafwala nama galashi ayaku cingilila amenso yakwe kubukali bwa kasuba,"cine, nakwata ne chola cabutulukila pa  chipuna ca mbao pantu ekele",alemoneka muntu uwa fyuma ukulingana nefyo afwele necola akwete
4432,umwana umusungu umunono umukashana nasendama pamupando,pantu ali pali nobulangeti bwa makumbi makumbi,"alemoneka na angala saana, eico anakile umusango uyu pantu noku sendama kwine umubili ulemoneka nalimo aiposelepofye",nomba bushe  ukusendama kwa musango uyu bushe umubili walatuusha fye bwino kwena?,"iyoo kwena teti utuushe bwino, nde enekela abafyashi bakwe balamu twala kumuputule wakwe bamusendamike bwino"
4433,ibumba lya balumendo abaice nabakumana bale angalila pa menshi ayale sansa ufuma panshi mukalale,"cine, kuli ne bumba na limbi abekele mufipuna elo bambi baletamba ifilechitika ",balemoneka nabomfwa bwino ukwangalila pamenshi aya aya sansa panshi mu kalale aba abana abalumendo,"cacine,ukuleka  abalumendo ukwangala muli uyu musango balomfwa bwino nganshi",elo pabantu abekele kulya mwaceba ndecetekela pali abafyashi babo abalebatamba abalumendo mumyangalile shabo
4434,"shitata na namayo abasungu bali mucikulwa cilya bashitishamo ifyakulya no bwalwa, shitata alelya ifyakulya elo namayo naikata ubwalwa ubo alemoneka ali mukunwa","cine, baleipakisha akashita bali pamo pantu bonse baleseka",bushe aba kuti baba abatemwikwa nangula shani? pantu kuli ine balemoneka nalimo bomfwanafye ngefibusa,kwena kuti caba ngefyo fine musosele,"cine cine, balemoneka fibusa abalelwisha ukwishibana bwino limbi palya tabala ponena mucitemwiko"
4435,abaume abalemana abali patupuna utwama wilo bali kumangalo ayaku cimfyana ulubilo balecimfyana,umo pali aba ali kutanshi ya bonse elo bena balelwisha ukumusanga,uyu uuli pantanshi alemoneka alikwata saana amaka mumaboko pakuisunkilisha noku bacila bonse intanfu shonse isho,ee alyanguka iminwe nangula aliipekanya mukulinga kuli uku kuchifyanya ,cine alesenda icikombe pantu napita apo bamwena uucimfishe abanankwe
4436,umwana umunono umukashana umusungu nakupika imbale pamutwe ninshi naikala nasekelela,cipalile iyi mbale eyo acilabomfya ukulilapo nomba apa napwisha ukulya,"cine efyo capala, nomba bushe umwana ta lamfye imishishi ifi akupika imbale kumutwe?",encito yabana iyi yine bena tabasakamana ukuti umushishi walalamba chikulu fye nabachita ifilebasekesha,awe kwena kukosa noku sambika abana pakutila baleba ababusaka nenshita iyitali
4437,umukashana umusungu ale enda mukalale naikata naka cola kuminwe,nafwala nefya makumbi makumbi no mushishi wakwe utali nganshi,mumyendele shakwe alemoneka ale endesha pakutila afike bwangu ukuntu aleya,nalimo abakalamba nabamutuma fimo ifyo bachimweba ukuti  afilete mu nshita yalinga,"aini? nimwe mwasosa, alemoneka nalimo muntu batumine pantu temukalamba saana nankwe"
4438,"umukashana umusungu natoloka pakwimba aleimba, alemoneka aleumfwa bwino ifyo aleimba",cine kulemoneka alifye eka lintu aleimba nafwala nakaputula akepi aka mututula ,"nafwala nensokoshi isha kashika nelaya iya makumbi makumbi kumulu, nacita nokuposa amaboko mumulu pakwimba",iyo kwena aba na maka yakucita fyonse ifi pakwimba,cine aba namaka elo futi alitemwa ukwimba
4439,bashitata abali cine abale moneka nalimo niba mwenye balelisisha ifilimba kuncende imo uko baleba tamba kubantu,ibumba liletamba linono elo ni nshita yabushiku,"cine abantu abaliko banono, limbi elo balefwaya ukuipangila ishina aba abaleimba","cine, abantu baletina ukufula pa mulandu wa malwele ya covid 19",nomba tabafwele utwaku icingilila pamyona napatunwa uku kuntu babelele
4440,abakashana babili abaku fyalo fyaku kapinda aka ku kulyo baletoloka umusebo mukalale,nabancicila mu nemyendele yabo nalimo balebutukila fimo,"cine naba cincila, limbi nabacelwa ukufika ukuntu baleya, elo uuli pantanshi alemoneka kuli efyo ashitile mu kalale",ndemona balebutukila ishitima nangula ichimbayambaya ico bana mutekenya  bacindika inshita,"cimbayambaya cilya icisenda abantu abengi, elo kasuba aka bonse balepitilamo mu kalale umu"
4441,abantu bali muncende umo bashita ifyakulya noku liilamo,uyu namayo naposa amano ku ntanshi yakwe bushe finshi alemona?,"uyo namayo alelolesha shitata uufwele icabuta kumulu netoloshi ilyafita, katwishi nga alefwaya ukumwenekesha ifyo alecita","cacine kwena,nalimo alimumwenepo kumo nomba tashinikishe ukutila eo","ndemona kwati efyo cili ifyo fine, nde cetekela nga camupamfya saana namayo uyu alamusosha shitata"
4442,"abasungu batatu, shitata umo na banamayo babili bale enda pantanshi yacikulwa ico balengaulapo mu kalale",ukulengaula kwalilenga icibumba ukumoneka ica busali nganshi,"cine icibumba cili icabusali kwena, elo mumyendele shitata alelolela ukuntu balefuma banamayo aba babili",cacine bonse fye abali apa bali abapafiwa ne fikabilwa mu bumi,cacine pamenso bonse balemoneka fye abali namasakamiko
4443,abantu abaku fyalo fyaku kapinda ka kukulyo nabekala pacimupando ica mbao nefyela ubushiku,nalimo bali mucitesheni ukupembelela ishitima nangula ndeke pantu bekele nga bantu  abashaishibana,"mupalile umwaku lolela ishitima umu kwena, bonse balemoneka bali pabulendo",bushe namayo uufwele ica buta aleshipula?,"efyo cipalile kwena, alemoneka anaka ukulolela, eico aisanga nashipula"
4444,bashitata babili nabeminina kunuma ya cimbayambaya eco babikileko ifintu ifilemoneka nalimo balekulikilako icidoli icapalana na umuntu,elo aba bashitata bakwete icidoli bafwele icisote cabu shima funde,"necimbayambaya bakwelelepo cintu ca kashika, bushe kuli namutekenya uule ensha palya beminine kunuma?",kwena bali pakati kamusebo nasambu ichimbayambaya cileenda  panono panono pakutila bepona,"awe babanefya kwesha esha aba bantu, icili conse icingalubana kuti bapona baicena"
4445,shitata umusungu uufwele ifya kashikila alemoneka aleshana uku kuntu alebombela panse,pantu alebombela pali no mupaipi wamakumbi makumbi uo bapeta bwino sana,uyu shitata alemoneka abombela muku kuula ifikulwa ifikalamba saana,nangula Uubika amapaipi ya menshi mufikulwa ,"eya, nimwe mwasosa..alemonekafye uubomba incito iyi fwaika ukubombela pafintu ifikalamba, nangu mi paipi shine"
4446,umukashana umusungu naiminina alelisha banco palya aleimba ulwimbo,natekanya nganshi mumilisishe yakwe elyo umo ali apalifye ilaiti ni pantu eminine ,"eya, balemu sanika ulubuto lwe laiti pakutila bonse abeshile mukutamba bapose amano ku uuleimba",oo epakutila bomfwikishe efyo aleimba pantu amano yonse yali kuli ena?,"eya, mwasosa, balefwaya palya aleimba yonse amenso yabantu yali pali ena"
4447,shitata umusungu alelolesha namayo mucikulwa eco bashitilamo ubwalwa,nalimo kuli ifyo namayo akwete ifyasenda amano yakwa shitata,"cacine kwena, nomba bushe shitata uyu talemu kumbwafye namayo?",kuti caba ngefyo fine pantu bashitata muli no  bwalwa balakumbwa nkumbwa,"iyoo kwena, mwaba incito mufikulwa bashitishamo ama bwalwa, fila leta ubwafya"
4448,abana abakashana babili abasungu bali kumbali yali bemba balepepekamo ifyoni ifile pupuka,nabafikokelela nganshi bali namukufika mu menshi,kwena nde cetekela balapilibuka palya tabalafika mu menshi,"nalimo balashalila apo mwasosela kwena, nomba abafyashi babo tabale moneka, bushe balifye beka abana aba babili",nde cetekela futi abafyashi babana aba tabali apatali nepo bale angalila abana aba
4449,shitata natolosha mpumpumpu uo ale ensha mumwela nenshita iya bushiku ,pantu aletolosha pali intambo babikile ukulangilila ukuti ukucila apa takuli bwino ku tanshi,nafwala neci mpompo icaku cingilila umutwe ngati apone pakutila eisanga mubusanso,nanguline engafwala  ifyakuicingliila  pantu imibutushishe yakwe taiweme iyo,"kucetekelafye epona pantu tacawame nga aisanga mubusanso, kuti acenenamo nabale tamba mumbali"
4450,shitata umusungu umukalamba ali mu bwato pali bemba alelolekesha pesumbu lyakwe,"cine, alelibebeta lintu talatendeka ukulibomfya","cine cine, limbi kuli pamo apa shili bwino epo alefwaya ukuwaminikisha, nakatula nakasuba inshita iyi","cacine, nakabala nganshi elo shikulu bantu ena alepekamya.insumbu lyakwe kukuloba isabi","iyo, ninjishiba alaloba ilingi isabi kabili namoneka ati kale atampa uyu umulimo uwakuloba ama Sabi"